-- phpMyAdmin SQL Dump
-- version 4.8.5
-- https://www.phpmyadmin.net/
--
-- 主机： 127.0.0.1:3306
-- 生成日期： 2021-06-10 15:38:43
-- 服务器版本： 10.3.14-MariaDB
-- PHP 版本： 7.2.18

SET SQL_MODE = "NO_AUTO_VALUE_ON_ZERO";
SET AUTOCOMMIT = 0;
START TRANSACTION;
SET time_zone = "+00:00";


/*!40101 SET @OLD_CHARACTER_SET_CLIENT=@@CHARACTER_SET_CLIENT */;
/*!40101 SET @OLD_CHARACTER_SET_RESULTS=@@CHARACTER_SET_RESULTS */;
/*!40101 SET @OLD_COLLATION_CONNECTION=@@COLLATION_CONNECTION */;
/*!40101 SET NAMES utf8mb4 */;

--
-- 数据库： `intro`
--

-- --------------------------------------------------------

--
-- 表的结构 `chapter`
--

DROP TABLE IF EXISTS `chapter`;
CREATE TABLE IF NOT EXISTS `chapter` (
  `id` char(19) NOT NULL COMMENT '章节id',
  `title` char(255) NOT NULL COMMENT '章节标题',
  `sort` int(4) NOT NULL COMMENT '章排序',
  `gmt_create` datetime NOT NULL COMMENT '创建时间',
  `gmt_modified` datetime NOT NULL COMMENT '更新时间',
  PRIMARY KEY (`id`)
) ENGINE=MyISAM DEFAULT CHARSET=utf8;

--
-- 转存表中的数据 `chapter`
--

INSERT INTO `chapter` (`id`, `title`, `sort`, `gmt_create`, `gmt_modified`) VALUES
('1377204682275024898', '第一章 信息与计算机', 1, '2021-03-31 18:22:18', '2021-03-31 18:22:18'),
('1377204871329083393', '第二章 从传统计算机到“无处不在”的计算', 2, '2021-03-31 18:22:18', '2021-03-31 18:22:18'),
('1377204934893760514', '第三章 走进软件', 3, '2021-03-31 18:22:18', '2021-03-31 18:22:18'),
('1377205026119872513', '第四章 程序设计语言', 4, '2021-03-31 18:22:18', '2021-03-31 18:22:18'),
('1377205091571986434', '第五章 计算机中的数据', 5, '2021-03-31 18:22:18', '2021-03-31 18:22:18'),
('1377205146018246658', '第六章 计算机应用', 6, '2021-03-31 18:22:18', '2021-03-31 18:22:18'),
('1377205233893109761', '第七章 计算机应用的主要发展方向', 7, '2021-03-31 18:22:18', '2021-03-31 18:22:18');

-- --------------------------------------------------------

--
-- 表的结构 `comment`
--

DROP TABLE IF EXISTS `comment`;
CREATE TABLE IF NOT EXISTS `comment` (
  `id` char(19) NOT NULL COMMENT '题目的评论',
  `topic_id` char(19) NOT NULL COMMENT '所属题目',
  `sort` int(10) NOT NULL COMMENT '属于该题目下的第几条评论',
  `stu_id` char(19) NOT NULL COMMENT '评论学生id',
  `gmt_create` datetime NOT NULL COMMENT '评论时间',
  `is_deleted` tinyint(1) NOT NULL DEFAULT 0 COMMENT '逻辑删除',
  `content` longtext DEFAULT NULL COMMENT '评论内容',
  `praise` int(10) NOT NULL DEFAULT 0 COMMENT '点赞数',
  PRIMARY KEY (`id`)
) ENGINE=MyISAM DEFAULT CHARSET=utf8;

--
-- 转存表中的数据 `comment`
--

INSERT INTO `comment` (`id`, `topic_id`, `sort`, `stu_id`, `gmt_create`, `is_deleted`, `content`, `praise`) VALUES
('1393140369087545346', '1377974394466344961', 1, '1376870881904656385', '2021-05-14 17:45:21', 0, '这个题目出的很有水平', 5),
('1393140541309861890', '1377974394466344961', 2, '1376870881904656385', '2021-05-14 17:46:03', 0, '我还是觉得这个题目出的很有水平', 1),
('1393144106623442945', '1377974394466344961', 3, '1376870881904656385', '2021-05-14 18:00:12', 0, '写的真好', 1),
('1393145225240125441', '1377974394466344961', 4, '1376870881904656385', '2021-05-14 18:04:39', 0, '我觉得题出的很好 不骗人', 1),
('1394098856240123906', '1394098759242649602', 1, '1376870881904656385', '2021-05-17 09:14:03', 0, '这题出的真好', 1),
('1394102103185068033', '1394098759242649602', 2, '1376870881904656385', '2021-05-17 09:26:57', 0, '回复第#1层 ：我不赞成你说的', 0),
('1394102281916944386', '1394098759242649602', 3, '1376870881904656385', '2021-05-17 09:27:39', 0, '回复第#2层 ：我也不赞成你说的', 0),
('1394107436892717058', '1377974394466344961', 5, '1376866579060486145', '2021-05-17 09:48:08', 0, '写的真好呀', 0),
('1394107462326976514', '1377974394466344961', 6, '1376866579060486145', '2021-05-17 09:48:14', 0, '回复第#1层 ：确实', 0),
('1394107930667163650', '1377974394466344961', 7, '1376866579060486145', '2021-05-17 09:50:06', 0, '怎么有bug了', 0),
('1394109209766391810', '1377974394466344961', 8, '1376866579060486145', '2021-05-17 09:55:11', 0, '回复第#5层 ：瞎说', 0),
('1395761285445984258', '1395757019029315585', 1, '1376870881904656385', '2021-05-21 23:19:56', 0, '我觉得还行', 0),
('1395761331738517505', '1395757019029315585', 2, '1376870881904656385', '2021-05-21 23:20:08', 0, '回复第#1层 ：好像还不错', 0),
('1395763555030016001', '1395757019029315585', 3, '1376866579060486145', '2021-05-21 23:28:58', 0, '计算机的处理能力与计算机的硬件有直接关系', 1),
('1395763662328700929', '1395757019029315585', 4, '1376870881904656385', '2021-05-21 23:29:23', 0, '回复第#3层 ：对对对 说得好', 0),
('1396115542170931202', '1395757243097423873', 1, '1376870881904656385', '2021-05-22 22:47:38', 0, '不错继续加油', 0),
('1396116308596101122', '1395757243097423873', 2, '1376870881904656385', '2021-05-22 22:50:41', 0, '111', 0),
('1401336303588519938', '1401336239029792770', 1, '1376870881904656385', '2021-06-06 08:33:05', 0, '题目不错，大家多多讨论。', 0),
('1401563054440747010', '1395758592874782721', 1, '0236726736254739472', '2021-06-06 23:34:06', 0, '我觉得题目很不错值得大家学习', 0),
('1401567525040328705', '1401566564041396226', 1, '1376870881904656385', '2021-06-06 23:51:52', 0, '题目很不错，值得学习', 0),
('1402244184383012866', '1377974394466344961', 9, '1376870881904656385', '2021-06-08 20:40:40', 0, 'bucuo ', 0);

-- --------------------------------------------------------

--
-- 表的结构 `experiment`
--

DROP TABLE IF EXISTS `experiment`;
CREATE TABLE IF NOT EXISTS `experiment` (
  `id` char(19) NOT NULL COMMENT '实验练习',
  `title` char(255) NOT NULL COMMENT '标题',
  `chapter_id` char(19) NOT NULL COMMENT '所属章节',
  `section_id` char(19) NOT NULL COMMENT '所属小节',
  `description` varchar(500) DEFAULT NULL COMMENT '实验描述',
  `original_url` varchar(255) DEFAULT NULL COMMENT '实验报告模板下载地址',
  `is_deleted` tinyint(1) NOT NULL DEFAULT 0 COMMENT '逻辑删除',
  `gmt_create` datetime NOT NULL DEFAULT current_timestamp() COMMENT '创建时间',
  `gmt_deadline` datetime NOT NULL COMMENT '截止时间',
  `gmt_modified` datetime NOT NULL DEFAULT current_timestamp() COMMENT '更新时间',
  PRIMARY KEY (`id`)
) ENGINE=MyISAM DEFAULT CHARSET=utf8;

--
-- 转存表中的数据 `experiment`
--

INSERT INTO `experiment` (`id`, `title`, `chapter_id`, `section_id`, `description`, `original_url`, `is_deleted`, `gmt_create`, `gmt_deadline`, `gmt_modified`) VALUES
('1401566210390265857', '请完成', '1377205233893109761', '1377210447232589825', '请完成', 'https://edu-tengshan.oss-cn-beijing.aliyuncs.com/baseExperimentReport/66f4c7a70b504e028db2c380d2a52f68baseReport.docx', 0, '2021-06-06 23:46:39', '2021-06-12 08:00:00', '2021-06-06 23:46:39'),
('1400458450437169153', '第一章第一节实验', '1377204682275024898', '1377207486947352577', '第一章第一节实验', 'https://edu-tengshan.oss-cn-beijing.aliyuncs.com/baseExperimentReport/2cfdf0d0325147a1bcab3cf7a8033b60baseReport.docx', 0, '2021-06-03 22:24:48', '2021-06-01 08:00:00', '2021-06-03 22:24:48'),
('1400458672466845698', '第一章第二节实验', '1377204682275024898', '1377207554131714050', '第一章第二节实验', 'https://edu-tengshan.oss-cn-beijing.aliyuncs.com/baseExperimentReport/8dec4af86a1741e1bfa60765378490f1baseReport.docx', 0, '2021-06-03 22:25:41', '2021-06-08 08:00:00', '2021-06-03 22:25:41'),
('1400458946640109570', '第二章第一节实验', '1377204871329083393', '1377208019141615618', '第二章第一节实验', 'https://edu-tengshan.oss-cn-beijing.aliyuncs.com/baseExperimentReport/56bc422e86bf42faa01e08c73599aa5cbaseReport.docx', 0, '2021-06-03 22:26:46', '2021-06-15 08:00:00', '2021-06-03 22:26:46'),
('1401563825689366530', '请完成七章一节', '1377205233893109761', '1377210355910008833', '请完成七章一节', 'https://edu-tengshan.oss-cn-beijing.aliyuncs.com/baseExperimentReport/e578ead2684b437ba417cf289f853213baseReport.docx', 0, '2021-06-06 23:37:10', '2021-06-12 08:00:00', '2021-06-06 23:37:10');

-- --------------------------------------------------------

--
-- 表的结构 `feedback`
--

DROP TABLE IF EXISTS `feedback`;
CREATE TABLE IF NOT EXISTS `feedback` (
  `id` char(19) NOT NULL COMMENT '反馈意见',
  `stu_id` char(19) NOT NULL COMMENT '学生id',
  `anonymous` tinyint(1) NOT NULL DEFAULT 0 COMMENT '是否匿名，默认否',
  `content` varchar(500) DEFAULT NULL COMMENT '反馈意见内容',
  `reply` varchar(500) DEFAULT NULL COMMENT '教师回复',
  `gmt_create` datetime NOT NULL COMMENT '创建时间',
  `gmt_modified` datetime DEFAULT NULL COMMENT '更新时间\\回复时间',
  `handle` tinyint(1) NOT NULL DEFAULT 0 COMMENT '是否处理',
  PRIMARY KEY (`id`)
) ENGINE=MyISAM DEFAULT CHARSET=utf8;

--
-- 转存表中的数据 `feedback`
--

INSERT INTO `feedback` (`id`, `stu_id`, `anonymous`, `content`, `reply`, `gmt_create`, `gmt_modified`, `handle`) VALUES
('1386269101985939457', '1376870881904656385', 0, '我觉得这门课很有意思', NULL, '2021-04-25 18:41:23', NULL, 0),
('1386269222534430721', '1376870881904656385', 1, '希望老师可以多讲题', NULL, '2021-04-25 18:41:52', NULL, 0),
('1386269908043087873', '1376870881904656385', 1, '希望老师加强课堂纪律', NULL, '2021-04-25 18:44:36', NULL, 0),
('1401337443323523073', '1376870881904656385', 0, '不错', NULL, '2021-06-06 08:37:36', NULL, 0),
('1401567727696515074', '1376870881904656385', 1, '系统有待优化', NULL, '2021-06-06 23:52:40', NULL, 0);

-- --------------------------------------------------------

--
-- 表的结构 `homework`
--

DROP TABLE IF EXISTS `homework`;
CREATE TABLE IF NOT EXISTS `homework` (
  `id` char(19) NOT NULL COMMENT '课后作业',
  `title` char(255) NOT NULL COMMENT '作业标题',
  `chapter_id` char(19) NOT NULL COMMENT '所属章节',
  `section_id` char(19) NOT NULL COMMENT '所属小节',
  `count` int(10) NOT NULL DEFAULT 0 COMMENT '题目数量',
  `is_deleted` tinyint(1) NOT NULL DEFAULT 0 COMMENT '逻辑删除',
  `gmt_create` datetime NOT NULL DEFAULT current_timestamp() COMMENT '创建时间',
  `gmt_deadline` datetime NOT NULL COMMENT '截止时间',
  `gmt_modified` datetime NOT NULL DEFAULT current_timestamp() COMMENT '更新时间',
  PRIMARY KEY (`id`)
) ENGINE=MyISAM DEFAULT CHARSET=utf8;

--
-- 转存表中的数据 `homework`
--

INSERT INTO `homework` (`id`, `title`, `chapter_id`, `section_id`, `count`, `is_deleted`, `gmt_create`, `gmt_deadline`, `gmt_modified`) VALUES
('1400446185294036994', '第一章第二节课后作业请完成', '1377204682275024898', '1377207554131714050', 1, 0, '2021-06-03 21:36:04', '2021-06-02 08:00:00', '2021-06-03 21:36:04'),
('1400445785199378433', '第一章第一节课后作业请完成', '1377204682275024898', '1377207486947352577', 1, 0, '2021-06-03 21:34:28', '2021-06-01 08:00:00', '2021-06-03 21:34:28'),
('1400446237857054721', '第一章第三节课后作业请完成', '1377204682275024898', '1377207660482486273', 1, 0, '2021-06-03 21:36:16', '2021-06-03 08:00:00', '2021-06-03 21:36:16'),
('1400446290642370562', '第一章第四节课后作业请完成', '1377204682275024898', '1377207794431778818', 1, 0, '2021-06-03 21:36:29', '2021-06-04 08:00:00', '2021-06-03 21:36:29'),
('1400446517650685953', '第一章第五节课后作业请完成', '1377204682275024898', '1377207901281673218', 1, 0, '2021-06-03 21:37:23', '2021-06-05 08:00:00', '2021-06-03 21:37:23'),
('1400446576073146370', '第二章第一节课后作业请完成', '1377204871329083393', '1377208019141615618', 1, 0, '2021-06-03 21:37:37', '2021-06-06 08:00:00', '2021-06-03 21:37:37'),
('1400446622978048001', '第二章第二节课后作业请完成', '1377204871329083393', '1377208099508674561', 1, 0, '2021-06-03 21:37:48', '2021-06-07 08:00:00', '2021-06-03 21:37:48'),
('1400446694792921089', '第二章第三节课后作业请完成', '1377204871329083393', '1377208273849114626', 1, 0, '2021-06-03 21:38:05', '2021-06-08 08:00:00', '2021-06-03 21:38:05'),
('1400446844907061249', '第二章第四节课后作业请完成', '1377204871329083393', '1377208333664083969', 1, 0, '2021-06-03 21:38:41', '2021-06-09 08:00:00', '2021-06-03 21:38:41'),
('1400446946627321858', '第二章第五节课后作业请完成', '1377204871329083393', '1377208501306220545', 1, 0, '2021-06-03 21:39:05', '2021-06-10 08:00:00', '2021-06-03 21:39:05'),
('1400447003170734081', '第三章第一节课后作业请完成', '1377204934893760514', '1377208611251511297', 1, 0, '2021-06-03 21:39:19', '2021-06-11 08:00:00', '2021-06-03 21:39:19');

-- --------------------------------------------------------

--
-- 表的结构 `knowledge`
--

DROP TABLE IF EXISTS `knowledge`;
CREATE TABLE IF NOT EXISTS `knowledge` (
  `id` char(19) NOT NULL COMMENT 'id',
  `title` varchar(255) NOT NULL COMMENT '标题',
  `content` longtext NOT NULL COMMENT '内容',
  `video_source_id` varchar(100) DEFAULT NULL COMMENT '云端视频地址',
  `video_original_name` varchar(255) DEFAULT NULL COMMENT '视频源名称',
  `file_url` varchar(255) DEFAULT NULL COMMENT '文件地址',
  `chapter_id` char(19) NOT NULL COMMENT '所属章节',
  `section_id` char(19) NOT NULL COMMENT '所属小节',
  `gmt_create` datetime DEFAULT current_timestamp() COMMENT '创建时间',
  `gmt_modified` datetime DEFAULT current_timestamp() COMMENT '更新时间',
  PRIMARY KEY (`id`)
) ENGINE=MyISAM DEFAULT CHARSET=utf8;

--
-- 转存表中的数据 `knowledge`
--

INSERT INTO `knowledge` (`id`, `title`, `content`, `video_source_id`, `video_original_name`, `file_url`, `chapter_id`, `section_id`, `gmt_create`, `gmt_modified`) VALUES
('1377292188706168833', '信息的定义', '维纳的信息定义\r\n   信息是信息，不是物质，也不是能量；\r\n   信息是人们在适应外部世界并是这种适应反作用于外部的过程中，同外部世界进行互相交换的内容的名称；\r\n\r\n信息的差异类的定义\r\n   信息是反映事物的形式、关系和差别的东西。信息存在于客体间的差别之中，而不是存在于客体之中；\r\n   信息的本性在于事物本身具有变异度；\r\n\r\n钟义信的信息定义\r\n   信息是被反映的物质属性/信息是事物属性的反映\r\n\r\n香农的信息定义\r\n   信息就是用来消除不确定性的东西，或信息是事物运动状态或存在方式的不确定性描述\r\n\r\n种加属差定义\r\n   信息一般是指事物释放出来的消息、情报、指令、数据或信号，他们是人们认识客观世界的媒介。', '6b27fb7afa5243edac927388b9bfc510', '信息的定义', 'https://edu-tengshan.oss-cn-beijing.aliyuncs.com/baseExperimentReport/mjcs_ch1.pptx', '1377204682275024898', '1377207486947352577', '2021-04-01 00:08:27', '2021-04-01 00:08:27'),
('1377292567128858625', '信息的种类', '根据产生信息的物体性质，可以分为自然信息、生物信息、机器信息和社会信息等', 'f6afd7c383894c859eca436cc4476f3b', '信息的种类', NULL, '1377204682275024898', '1377207486947352577', '2021-04-01 00:08:27', '2021-04-01 00:08:27'),
('1398996750152347650', '按软件的功能分类', '按软件的功能分类可以分为系统软件和应用软件，系统软件包括操作系统、支撑软件。操作系统是管理计算机硬件与软件资源的程序，也是计算机系统的内核与基石', NULL, NULL, 'https://edu-tengshan.oss-cn-beijing.aliyuncs.com/baseExperimentReport/6e6c8dfff778408b9043304a738bf2a5report.docx', '1377204934893760514', '1377208788242751489', '2021-05-30 21:36:31', '2021-05-30 21:36:31'),
('1398997599364689921', '按软件的规模分类', '可以将软件分为六类分别是：微型软件、小型软件、中型软件、大型软件、甚大型软件、极大型软件', NULL, NULL, 'https://edu-tengshan.oss-cn-beijing.aliyuncs.com/baseExperimentReport/0fd71029bbab49db9808a01f81728eb6report.docx', '1377204934893760514', '1377208788242751489', '2021-05-30 21:39:54', '2021-05-30 21:39:54'),
('1398999045908836354', '信息的度量', '信息是一个抽象的概念，信息的度量主要由自信息量与信息熵来定义', '0cb877d66a7341c5b72c5c468b9061f1', '6 - What If I Want to Move Faster.mp4', 'https://edu-tengshan.oss-cn-beijing.aliyuncs.com/baseExperimentReport/85ea940a81ed42b7b2e9364981da75d0baseReport.docx', '1377204682275024898', '1377207486947352577', '2021-05-30 21:45:39', '2021-05-30 21:45:39'),
('1400402876253093890', '位模式的信息表示', '文本表示    符号编码\n　　ASCII码    大小写英文字母和标点都有唯一的一个位模式来表示。最初，一个字符用长度为7的位模式来表示，后来扩展到8位 --- 在最高位补0。这样，8位的位模式与字节型储存单元的长度相匹配，而且还附加了128个位模式ASCII码表示英文字母虽已足够，但表示非拉丁语系的字符明显不足，因此产生了UNICODE码\n\n数值的表示   数值编码\n数值编码称为：二进制记数法\n表示整数的数值编码为二进制补码记数法。二级制补码记数法可以方便的表示正数和负数。\n\n图像的表示\n　　图像是由点的集合构成，每个点称为一个像素，每个像素被编码。此为位图。\n　　黑白图像每个像素由1个位来表示，位的值取决于该像素是白还是黑。进一步细致的黑白图片由一组位（通常8位）来表示，使得不同灰度的灰色能表示出来。\n      彩色图像每个像素则由更复杂的 方式来编码。\n 　 RGB（红，绿，蓝）：每个像素表示为3种颜色的成分。其中，用一个字节表示一个颜色的强度，那么一个像素则占用3个字节来表示', NULL, NULL, NULL, '1377204682275024898', '1377207554131714050', '2021-06-03 18:43:58', '2021-06-03 18:43:58'),
('1401337907922382849', '敏捷开发', 'xxxxxxxxxxxxxxxxxx', 'd157932fb2de4b6f80bc14e8cdfc052b', 'intro_ch1.mp4', 'https://edu-tengshan.oss-cn-beijing.aliyuncs.com/2021/06/06/56a8721e5c4e4eb08b91996a38e61452mjcs_test.pptx', '1377204934893760514', '1377208980098605058', '2021-06-06 08:39:27', '2021-06-06 08:39:27'),
('1401564667008028673', '思考', '思考', '09d5e05c436c477e999c1eed927fdd9a', 'intro_ch1.mp4', 'https://edu-tengshan.oss-cn-beijing.aliyuncs.com/2021/06/06/7856e2a52ca741188e704cb419b0ec8cmjcs_test.pptx', '1377204682275024898', '1377207660482486273', '2021-06-06 23:40:31', '2021-06-06 23:40:31'),
('1401566781327314946', '图灵机是.....', '图灵机是.....', '90524724a9d245deb31c4d3bc24b1640', 'intro_ch1.mp4', 'https://edu-tengshan.oss-cn-beijing.aliyuncs.com/2021/06/06/37a8fb18b0704338ab8bb99366025d69mjcs_test.pptx', '1377204682275024898', '1377207794431778818', '2021-06-06 23:48:55', '2021-06-06 23:48:55');

-- --------------------------------------------------------

--
-- 表的结构 `preview`
--

DROP TABLE IF EXISTS `preview`;
CREATE TABLE IF NOT EXISTS `preview` (
  `id` char(19) NOT NULL COMMENT '课前预习id',
  `title` varchar(255) NOT NULL COMMENT '课前预习标题',
  `chapter_id` char(19) NOT NULL COMMENT '所属章节id',
  `section_id` char(19) NOT NULL COMMENT '所属小节id',
  `count` int(5) NOT NULL DEFAULT 5 COMMENT '题目数',
  `is_deleted` tinyint(1) NOT NULL DEFAULT 0 COMMENT '逻辑删除',
  `gmt_create` datetime NOT NULL COMMENT '创建时间',
  `gmt_deadline` datetime NOT NULL COMMENT '截止时间',
  `gmt_modified` datetime NOT NULL COMMENT '更新完成时间',
  PRIMARY KEY (`id`)
) ENGINE=MyISAM DEFAULT CHARSET=utf8;

--
-- 转存表中的数据 `preview`
--

INSERT INTO `preview` (`id`, `title`, `chapter_id`, `section_id`, `count`, `is_deleted`, `gmt_create`, `gmt_deadline`, `gmt_modified`) VALUES
('1400444788313980929', '第三章第一节课前预习请完成', '1377204934893760514', '1377208611251511297', 1, 0, '2021-06-03 21:30:31', '2021-06-10 08:00:00', '2021-06-03 21:30:31'),
('1400444718642397186', '第二章第五节课前预习请完成', '1377204871329083393', '1377208501306220545', 1, 0, '2021-06-03 21:30:14', '2021-06-08 08:00:00', '2021-06-03 21:30:14'),
('1400444599767433217', '第二章第四节课前预习请完成', '1377204871329083393', '1377208333664083969', 1, 0, '2021-06-03 21:29:46', '2021-06-08 08:00:00', '2021-06-03 21:29:46'),
('1400444499909443586', '第二章第三节课前预习请完成', '1377204871329083393', '1377208273849114626', 1, 0, '2021-06-03 21:29:22', '2021-06-06 08:00:00', '2021-06-03 21:29:22'),
('1400444414236590081', '第二章第二节课前预习请完成', '1377204871329083393', '1377208099508674561', 1, 0, '2021-06-03 21:29:02', '2021-06-10 08:00:00', '2021-06-03 21:29:02'),
('1400444330182737921', '第二章第一节课前预习请完成', '1377204871329083393', '1377208019141615618', 1, 0, '2021-06-03 21:28:41', '2021-06-05 08:00:00', '2021-06-03 21:28:41'),
('1400444232233156610', '第一章第五节课前预习请完成', '1377204682275024898', '1377207901281673218', 1, 0, '2021-06-03 21:28:18', '2021-06-05 08:00:00', '2021-06-03 21:28:18'),
('1400444172741148673', '第一章第四节课前预习请完成', '1377204682275024898', '1377207794431778818', 1, 0, '2021-06-03 21:28:04', '2021-06-04 08:00:00', '2021-06-03 21:28:04'),
('1400443931166015490', '第一章第一节课前预习请完成', '1377204682275024898', '1377207486947352577', 1, 0, '2021-06-03 21:27:06', '2020-06-08 08:00:00', '2021-06-03 21:27:06'),
('1400444103036010497', '第一章第三节课前预习请完成', '1377204682275024898', '1377207660482486273', 1, 0, '2021-06-03 21:27:47', '2021-06-04 08:00:00', '2021-06-03 21:27:47'),
('1400444033871937538', '第一章第二节课前预习请完成', '1377204682275024898', '1377207554131714050', 1, 0, '2021-06-03 21:27:31', '2021-05-03 08:00:00', '2021-06-03 21:27:31'),
('1401566103028666369', '请完成', '1377205233893109761', '1377210447232589825', 1, 0, '2021-06-06 23:46:13', '2021-06-12 08:00:00', '2021-06-06 23:46:13');

-- --------------------------------------------------------

--
-- 表的结构 `section`
--

DROP TABLE IF EXISTS `section`;
CREATE TABLE IF NOT EXISTS `section` (
  `id` char(19) NOT NULL COMMENT '小节id',
  `title` varchar(255) NOT NULL COMMENT '标题',
  `chapter_id` char(19) NOT NULL COMMENT '所属章节',
  `sort` int(4) NOT NULL COMMENT '小节排序',
  `gmt_create` datetime NOT NULL COMMENT '创建时间',
  `gmt_modified` datetime NOT NULL COMMENT '更新时间',
  PRIMARY KEY (`id`)
) ENGINE=MyISAM DEFAULT CHARSET=utf8;

--
-- 转存表中的数据 `section`
--

INSERT INTO `section` (`id`, `title`, `chapter_id`, `sort`, `gmt_create`, `gmt_modified`) VALUES
('1377207486947352577', '第一节 信息', '1377204682275024898', 1, '2021-03-31 18:33:08', '2021-03-31 18:33:08'),
('1377207554131714050', '第二节 计算机信息处理', '1377204682275024898', 2, '2021-03-31 18:33:08', '2021-03-31 18:33:08'),
('1377207660482486273', '第三节 计算机信息处理的几个例子', '1377204682275024898', 3, '2021-03-31 18:33:08', '2021-03-31 18:33:08'),
('1377207794431778818', '第四节 图灵机', '1377204682275024898', 4, '2021-03-31 18:33:08', '2021-03-31 18:33:08'),
('1377207901281673218', '第五节 计算机科学的定义', '1377204682275024898', 5, '2021-03-31 18:33:08', '2021-03-31 18:33:08'),
('1377208019141615618', '第一节 个人计算机', '1377204871329083393', 1, '2021-03-31 18:33:08', '2021-03-31 18:33:08'),
('1377208099508674561', '第二节 计算机系统结构', '1377204871329083393', 2, '2021-03-31 18:33:08', '2021-03-31 18:33:08'),
('1377208273849114626', '第三节 移动终端', '1377204871329083393', 3, '2021-03-31 18:33:08', '2021-03-31 18:33:08'),
('1377208333664083969', '第四节 计算机网络', '1377204871329083393', 4, '2021-03-31 18:33:08', '2021-03-31 18:33:08'),
('1377208501306220545', '第五节 云计算与物联网', '1377204871329083393', 5, '2021-03-31 18:33:08', '2021-03-31 18:33:08'),
('1377208611251511297', '第一节 软件的定义', '1377204934893760514', 1, '2021-03-31 18:33:08', '2021-03-31 18:33:08'),
('1377208788242751489', '第二节 软件的分类', '1377204934893760514', 2, '2021-03-31 18:33:08', '2021-03-31 18:33:08'),
('1377208834510118914', '第三节 软件架构', '1377204934893760514', 3, '2021-03-31 18:33:08', '2021-03-31 18:33:08'),
('1377208895105228801', '第四节 操作系统', '1377204934893760514', 4, '2021-03-31 18:33:08', '2021-03-31 18:33:08'),
('1377208980098605058', '第五节 软件的开发', '1377204934893760514', 5, '2021-03-31 18:33:08', '2021-03-31 18:33:08'),
('1377209056808230913', '第六节 软件行业职业简介', '1377204934893760514', 6, '2021-03-31 18:33:08', '2021-03-31 18:33:08'),
('1377209173552488450', '第一节 程序设计语言简介', '1377205026119872513', 1, '2021-03-31 18:33:08', '2021-03-31 18:33:08'),
('1377209256096391170', '第二节 程序设计语言的分类及编程模式', '1377205026119872513', 2, '2021-03-31 18:33:08', '2021-03-31 18:33:08'),
('1377209359968329730', '第三节 高级编程语言介绍', '1377205026119872513', 3, '2021-03-31 18:33:08', '2021-03-31 18:33:08'),
('1377209448774328321', '第四节 并行程序设计', '1377205026119872513', 4, '2021-03-31 18:33:08', '2021-03-31 18:33:08'),
('1377209559336181761', '第一节 数据', '1377205091571986434', 1, '2021-03-31 18:33:08', '2021-03-31 18:33:08'),
('1377209613572726786', '第二节 数据结构', '1377205091571986434', 2, '2021-03-31 18:33:08', '2021-03-31 18:33:08'),
('1377209660783812610', '第三节 算法', '1377205091571986434', 3, '2021-03-31 18:33:08', '2021-03-31 18:33:08'),
('1377209715221684225', '第四节 数据库', '1377205091571986434', 4, '2021-03-31 18:33:08', '2021-03-31 18:33:08'),
('1377209767507877890', '第五节 数据中心', '1377205091571986434', 5, '2021-03-31 18:33:08', '2021-03-31 18:33:08'),
('1377209852211847170', '第一节 多媒体技术', '1377205146018246658', 1, '2021-03-31 18:33:08', '2021-03-31 18:33:08'),
('1377209923900891138', '第二节 人工智能', '1377205146018246658', 2, '2021-03-31 18:33:08', '2021-03-31 18:33:08'),
('1377209994721714177', '第三节 嵌入式系统', '1377205146018246658', 3, '2021-03-31 18:33:08', '2021-03-31 18:33:08'),
('1377210035729424386', '第四节 电子商务', '1377205146018246658', 4, '2021-03-31 18:33:08', '2021-03-31 18:33:08'),
('1377210099822583810', '第五节 移动互联网', '1377205146018246658', 5, '2021-03-31 18:33:08', '2021-03-31 18:33:08'),
('1377210222732468225', '第六节 信息系统集成与决策支持', '1377205146018246658', 6, '2021-03-31 18:33:08', '2021-03-31 18:33:08'),
('1377210355910008833', '第一节 高性能化', '1377205233893109761', 1, '2021-03-31 18:33:08', '2021-03-31 18:33:08'),
('1377210400478683138', '第二节 网络化', '1377205233893109761', 2, '2021-03-31 18:33:08', '2021-03-31 18:33:08'),
('1377210447232589825', '第三节 智能化', '1377205233893109761', 3, '2021-03-31 18:33:08', '2021-03-31 18:33:08');

-- --------------------------------------------------------

--
-- 表的结构 `student`
--

DROP TABLE IF EXISTS `student`;
CREATE TABLE IF NOT EXISTS `student` (
  `id` char(19) NOT NULL COMMENT '学生id',
  `stu_num` char(13) NOT NULL COMMENT '学生学号',
  `name` char(50) NOT NULL COMMENT '学生姓名',
  `classes` char(10) NOT NULL COMMENT '学生班级',
  `grade` char(10) NOT NULL COMMENT '学生年级',
  `group_id` char(19) DEFAULT NULL COMMENT '学生小组，课堂分配',
  `password` char(20) NOT NULL COMMENT '登陆密码',
  `avatar` varchar(255) DEFAULT NULL COMMENT '头像',
  `email` char(50) DEFAULT NULL COMMENT '学生邮箱',
  `telephone` char(11) DEFAULT NULL COMMENT '学生电话',
  `skill` varchar(500) DEFAULT NULL COMMENT '学生技能简介',
  `enthusiasm` bigint(10) NOT NULL DEFAULT 0 COMMENT '积极度，作为平时成绩参考',
  `is_deleted` tinyint(1) UNSIGNED NOT NULL DEFAULT 0 COMMENT '逻辑删除 1(true)已删除 0(false)未删除',
  `gmt_create` datetime NOT NULL COMMENT '创建时间',
  `gmt_modified` datetime NOT NULL COMMENT '更新时间',
  PRIMARY KEY (`id`)
) ENGINE=MyISAM DEFAULT CHARSET=utf8;

--
-- 转存表中的数据 `student`
--

INSERT INTO `student` (`id`, `stu_num`, `name`, `classes`, `grade`, `group_id`, `password`, `avatar`, `email`, `telephone`, `skill`, `enthusiasm`, `is_deleted`, `gmt_create`, `gmt_modified`) VALUES
('1376866579060486145', '0121710880101', '熊博涛', '1702', '2017', '3', '0121710880101', 'https://edu-tengshan.oss-cn-beijing.aliyuncs.com/avatar/5a1f1649ed9a44b8ab34920868e46a55avatar.jpg', 'tsss14758@qq.com', '15623301371', '我熊博涛啥都会，前后端通吃，人称网络小保安', 0, 0, '2021-03-30 19:57:41', '2021-05-21 10:54:56'),
('1376870881904656385', '0121710880106', '滕珊', '1701', '2017', '22', '0121710880106', 'https://edu-tengshan.oss-cn-beijing.aliyuncs.com/avatar/92671bfd4961472abaadfcffb991549favatar.jpg', 'te7719248@qq.com', '15117844994', '学习过Java c++ html Springboot Vue等，对Java框架较为熟悉', 99, 0, '2021-03-30 20:16:13', '2021-06-06 23:52:29'),
('1401566366087024643', '0121810880288', '滕89', '1702', '2017', NULL, '0121810880288', NULL, NULL, NULL, NULL, 0, 0, '2021-06-06 23:47:16', '2021-06-06 23:47:16'),
('1395574991369555969', '0121710880107', '李俊朗', '1701', '2017', '3', '0121710880107', 'https://edu-tengshan.oss-cn-beijing.aliyuncs.com/avatar/ccb5a79b5f194111b8166c6918484c97538AB49DCFB0F8D485B781BB82CCDF89.jpg', 'lllllll@qq.com', '123456789', '啥都会', 0, 0, '2021-05-21 10:59:40', '2021-06-03 21:00:50'),
('1401566366087024642', '0121810880289', '滕88', '1701', '2017', NULL, '0121810880289', NULL, NULL, NULL, NULL, 0, 0, '2021-06-06 23:47:16', '2021-06-06 23:47:16'),
('1401564222776709121', '0121810880288', '滕十一', '1702', '2017', NULL, '0121810880288', NULL, NULL, NULL, NULL, 0, 0, '2021-06-06 23:38:45', '2021-06-06 23:38:45'),
('1401564222751543298', '0121810880289', '滕十', '1701', '2017', NULL, '0121810880289', NULL, NULL, NULL, NULL, 0, 0, '2021-06-06 23:38:45', '2021-06-06 23:38:45'),
('1401562818964131842', '0121810880208', '滕十八', '1701', '2019', NULL, '0121810880208', NULL, NULL, NULL, NULL, 0, 0, '2021-06-06 23:33:10', '2021-06-06 23:33:10'),
('1401562818955743233', '0121810880207', '滕十七', '1703', '2018', NULL, '0121810880207', NULL, NULL, NULL, NULL, 0, 0, '2021-06-06 23:33:10', '2021-06-06 23:33:10'),
('1376876729053835266', '0121810880102', '灯光明', '1809', '2016', '3', '123456789', 'https://edu-tengshan.oss-cn-beijing.aliyuncs.com/avatar/ecf9425c3c5b4235a675375e91c230c3小猫咪.jpg', 'dgm@qq.com', '147589632', '我也啥都会', 0, 0, '2021-03-30 20:38:27', '2021-06-03 21:09:35'),
('1401562818905411586', '0121810880200', '滕十', '1701', '2017', NULL, '0121810880200', NULL, NULL, NULL, NULL, 0, 0, '2021-06-06 23:33:10', '2021-06-06 23:33:10'),
('1401562818905411587', '0121810880201', '滕十一', '1702', '2017', NULL, '0121810880201', NULL, NULL, NULL, NULL, 0, 0, '2021-06-06 23:33:10', '2021-06-06 23:33:10'),
('1395596191508590594', '0121810880120', '滕一', '1701', '2017', NULL, '0121810880120', NULL, NULL, NULL, NULL, 0, 0, '2021-05-21 12:23:55', '2021-05-21 12:23:55'),
('1395596191508590595', '0121810880121', '滕二', '1702', '2017', NULL, '0121810880121', NULL, NULL, NULL, NULL, 0, 0, '2021-05-21 12:23:55', '2021-05-21 12:23:55'),
('1395596191508590596', '0121810880122', '滕珊', '1702', '2017', NULL, '0121810880122', NULL, NULL, NULL, NULL, 0, 0, '2021-05-21 12:23:55', '2021-05-21 12:23:55'),
('1395596191554727937', '0121810880123', '滕四', '1702', '2017', NULL, '0121810880123', NULL, NULL, NULL, NULL, 0, 0, '2021-05-21 12:23:55', '2021-05-21 12:23:55'),
('1395596191554727938', '0121810880124', '滕五', '1702', '2018', NULL, '0121810880124', NULL, NULL, NULL, NULL, 0, 0, '2021-05-21 12:23:55', '2021-05-21 12:23:55'),
('1395596191554727939', '0121810880125', '滕六', '1703', '2019', NULL, '0121810880125', NULL, NULL, NULL, NULL, 0, 0, '2021-05-21 12:23:55', '2021-05-21 12:23:55'),
('1395596191554727940', '0121810880126', '滕七', '1703', '2020', NULL, '0121810880126', NULL, NULL, NULL, NULL, 0, 0, '2021-05-21 12:23:55', '2021-05-21 12:23:55'),
('1395596191554727941', '0121810880127', '滕八', '1703', '2018', NULL, '0121810880127', NULL, NULL, NULL, NULL, 0, 0, '2021-05-21 12:23:55', '2021-05-21 12:23:55'),
('1395596191554727942', '0121810880128', '滕九', '1701', '2019', NULL, '0121810880128', NULL, NULL, NULL, NULL, 0, 0, '2021-05-21 12:23:55', '2021-05-21 12:23:55'),
('1395596191554727943', '0121810880129', '滕十', '1701', '2020', NULL, '0121810880129', NULL, NULL, NULL, NULL, 0, 0, '2021-05-21 12:23:55', '2021-05-21 12:23:55'),
('1395596191621836801', '0121810880130', '滕十一', '1701', '2020', NULL, '0121810880130', NULL, NULL, NULL, NULL, 0, 0, '2021-05-21 12:23:55', '2021-05-21 12:23:55'),
('1395598166803476482', '0121810880133', '滕一', '1701', '2017', NULL, '0121810880133', NULL, NULL, NULL, NULL, 0, 0, '2021-05-21 12:31:46', '2021-05-21 12:31:46'),
('1395598166803476483', '0121810880134', '滕二', '1702', '2017', NULL, '0121810880134', NULL, NULL, NULL, NULL, 0, 0, '2021-05-21 12:31:46', '2021-05-21 12:31:46'),
('1395598166803476484', '0121810880135', '滕珊', '1702', '2017', NULL, '0121810880135', NULL, NULL, NULL, NULL, 0, 0, '2021-05-21 12:31:46', '2021-05-21 12:31:46'),
('1395598166866391041', '0121810880136', '滕四', '1702', '2017', NULL, '0121810880136', NULL, NULL, NULL, NULL, 0, 0, '2021-05-21 12:31:46', '2021-05-21 12:31:46'),
('1395598166866391042', '0121810880137', '滕五', '1702', '2018', NULL, '0121810880137', NULL, NULL, NULL, NULL, 0, 0, '2021-05-21 12:31:46', '2021-05-21 12:31:46'),
('1395598166866391043', '0121810880138', '滕六', '1703', '2019', NULL, '0121810880138', NULL, NULL, NULL, NULL, 0, 0, '2021-05-21 12:31:46', '2021-05-21 12:31:46'),
('1395598166866391044', '0121810880139', '滕七', '1703', '2020', NULL, '0121810880139', NULL, NULL, NULL, NULL, 0, 0, '2021-05-21 12:31:46', '2021-05-21 12:31:46'),
('1395598166866391045', '0121810880140', '滕八', '1703', '2018', NULL, '0121810880140', NULL, NULL, NULL, NULL, 0, 0, '2021-05-21 12:31:46', '2021-05-21 12:31:46'),
('1395598166866391046', '0121810880141', '滕九', '1701', '2019', NULL, '0121810880141', 'https://edu-tengshan.oss-cn-beijing.aliyuncs.com/avatar/5ced13874b1b46ad8e0f5868c4a4bb0c7FD1D4BD80CCC0AA67B3ACDE335911E8.jpg', NULL, NULL, NULL, 0, 0, '2021-05-21 12:31:46', '2021-06-03 21:18:43'),
('1395719564154142721', '0121710888888', '滕珊', '1701', '2017', '5', '0121710888888', NULL, NULL, NULL, NULL, 0, 0, '2021-05-21 20:34:09', '2021-05-21 20:34:09'),
('1401562818947354625', '0121810880206', '滕十六', '1703', '2020', NULL, '0121810880206', NULL, NULL, NULL, NULL, 0, 0, '2021-06-06 23:33:10', '2021-06-06 23:33:10'),
('1401562818938966017', '0121810880205', '滕十五', '1703', '2019', NULL, '0121810880205', NULL, NULL, NULL, NULL, 0, 0, '2021-06-06 23:33:10', '2021-06-06 23:33:10'),
('1401562818930577409', '0121810880204', '滕十四', '1702', '2018', NULL, '0121810880204', NULL, NULL, NULL, NULL, 0, 0, '2021-06-06 23:33:10', '2021-06-06 23:33:10'),
('1401562818922188802', '0121810880203', '滕十三', '1702', '2017', NULL, '0121810880203', NULL, NULL, NULL, NULL, 0, 0, '2021-06-06 23:33:10', '2021-06-06 23:33:10'),
('1401562818913800193', '0121810880202', '滕十二', '1702', '2017', NULL, '0121810880202', NULL, NULL, NULL, NULL, 0, 0, '2021-06-06 23:33:10', '2021-06-06 23:33:10'),
('1401566366103801857', '0121810880287', '滕90', '1702', '2017', NULL, '0121810880287', NULL, NULL, NULL, NULL, 0, 0, '2021-06-06 23:47:16', '2021-06-06 23:47:16');

-- --------------------------------------------------------

--
-- 表的结构 `stu_experiment`
--

DROP TABLE IF EXISTS `stu_experiment`;
CREATE TABLE IF NOT EXISTS `stu_experiment` (
  `id` char(19) NOT NULL COMMENT '学生实验练习对应关系',
  `stu_id` char(19) NOT NULL COMMENT '学生id',
  `experiment_id` char(19) NOT NULL COMMENT '实验练习id',
  `oss_url` varchar(500) DEFAULT NULL COMMENT '学生实验报告地址',
  `score` int(5) NOT NULL DEFAULT -1 COMMENT '学生成绩',
  `finish` tinyint(1) NOT NULL DEFAULT 0 COMMENT '是否完成',
  `is_deleted` tinyint(1) NOT NULL DEFAULT 0 COMMENT '逻辑删除',
  `gmt_deadline` datetime DEFAULT NULL COMMENT '截止时间',
  `gmt_finish` datetime DEFAULT NULL COMMENT '完成时间',
  PRIMARY KEY (`id`)
) ENGINE=MyISAM DEFAULT CHARSET=utf8;

--
-- 转存表中的数据 `stu_experiment`
--

INSERT INTO `stu_experiment` (`id`, `stu_id`, `experiment_id`, `oss_url`, `score`, `finish`, `is_deleted`, `gmt_deadline`, `gmt_finish`) VALUES
('1400458946673664002', '1376870881904656385', '1400458946640109570', 'https://edu-tengshan.oss-cn-beijing.aliyuncs.com/baseExperimentReport/04f3b56ec5bd4a12a8d360e9d9f19528report.docx', -1, 1, 0, '2021-06-15 08:00:00', '2021-06-03 22:27:26'),
('1400458946665275394', '1376866579060486145', '1400458946640109570', NULL, -1, 0, 0, '2021-06-15 08:00:00', NULL),
('1400458672693338115', '1395719564154142721', '1400458672466845698', NULL, -1, 0, 0, '2021-06-08 08:00:00', NULL),
('1400458672684949505', '1395598166866391045', '1400458672466845698', NULL, -1, 0, 0, '2021-06-08 08:00:00', NULL),
('1400458672693338114', '1395598166866391046', '1400458672466845698', NULL, -1, 0, 0, '2021-06-08 08:00:00', NULL),
('1400458672676560898', '1395598166866391044', '1400458672466845698', NULL, -1, 0, 0, '2021-06-08 08:00:00', NULL),
('1400458672663977986', '1395598166866391043', '1400458672466845698', NULL, -1, 0, 0, '2021-06-08 08:00:00', NULL),
('1400458672655589378', '1395598166866391042', '1400458672466845698', NULL, -1, 0, 0, '2021-06-08 08:00:00', NULL),
('1400458672651395074', '1395598166866391041', '1400458672466845698', NULL, -1, 0, 0, '2021-06-08 08:00:00', NULL),
('1400458672643006466', '1395598166803476484', '1400458672466845698', NULL, -1, 0, 0, '2021-06-08 08:00:00', NULL),
('1400458672622034945', '1395596191554727943', '1400458672466845698', NULL, -1, 0, 0, '2021-06-08 08:00:00', NULL),
('1400458672626229249', '1395596191621836801', '1400458672466845698', NULL, -1, 0, 0, '2021-06-08 08:00:00', NULL),
('1400458672634617858', '1395598166803476482', '1400458672466845698', NULL, -1, 0, 0, '2021-06-08 08:00:00', NULL),
('1400458672634617859', '1395598166803476483', '1400458672466845698', NULL, -1, 0, 0, '2021-06-08 08:00:00', NULL),
('1400458672613646337', '1395596191554727942', '1400458672466845698', NULL, -1, 0, 0, '2021-06-08 08:00:00', NULL),
('1400458672588480513', '1395596191554727940', '1400458672466845698', NULL, -1, 0, 0, '2021-06-08 08:00:00', NULL),
('1400458672596869122', '1395596191554727941', '1400458672466845698', NULL, -1, 0, 0, '2021-06-08 08:00:00', NULL),
('1400458672580091905', '1395596191554727939', '1400458672466845698', NULL, -1, 0, 0, '2021-06-08 08:00:00', NULL),
('1400458672571703298', '1395596191554727938', '1400458672466845698', NULL, -1, 0, 0, '2021-06-08 08:00:00', NULL),
('1400458672571703297', '1395596191554727937', '1400458672466845698', NULL, -1, 0, 0, '2021-06-08 08:00:00', NULL),
('1400458672563314690', '1395596191508590596', '1400458672466845698', NULL, -1, 0, 0, '2021-06-08 08:00:00', NULL),
('1400458672554926082', '1395596191508590595', '1400458672466845698', NULL, -1, 0, 0, '2021-06-08 08:00:00', NULL),
('1400458672554926081', '1395596191508590594', '1400458672466845698', NULL, -1, 0, 0, '2021-06-08 08:00:00', NULL),
('1400458672546537473', '1376876729053835266', '1400458672466845698', NULL, -1, 0, 0, '2021-06-08 08:00:00', NULL),
('1400458672525565953', '1376870881904656385', '1400458672466845698', 'https://edu-tengshan.oss-cn-beijing.aliyuncs.com/baseExperimentReport/a7b3d896265447e98787ef50db522f3breport.docx', 85, 1, 0, '2021-06-08 08:00:00', '2021-06-03 22:27:12'),
('1400458672538148865', '1395574991369555969', '1400458672466845698', NULL, -1, 0, 0, '2021-06-08 08:00:00', NULL),
('1400458672517177346', '1376866579060486145', '1400458672466845698', NULL, -1, 0, 0, '2021-06-08 08:00:00', NULL),
('1400458451020177409', '1395719564154142721', '1400458450437169153', NULL, -1, 0, 0, '2021-06-01 08:00:00', NULL),
('1400458451003400193', '1395598166866391045', '1400458450437169153', NULL, -1, 0, 0, '2021-06-01 08:00:00', NULL),
('1400458450894348290', '1395596191554727943', '1400458450437169153', NULL, -1, 0, 0, '2021-06-01 08:00:00', NULL),
('1400458450911125505', '1395596191621836801', '1400458450437169153', NULL, -1, 0, 0, '2021-06-01 08:00:00', NULL),
('1400458450919514113', '1395598166803476482', '1400458450437169153', NULL, -1, 0, 0, '2021-06-01 08:00:00', NULL),
('1400458450936291329', '1395598166803476483', '1400458450437169153', NULL, -1, 0, 0, '2021-06-01 08:00:00', NULL),
('1400458450961457153', '1395598166803476484', '1400458450437169153', NULL, -1, 0, 0, '2021-06-01 08:00:00', NULL),
('1400458450969845762', '1395598166866391041', '1400458450437169153', NULL, -1, 0, 0, '2021-06-01 08:00:00', NULL),
('1400458450995011586', '1395598166866391044', '1400458450437169153', NULL, -1, 0, 0, '2021-06-01 08:00:00', NULL),
('1400458451011788802', '1395598166866391046', '1400458450437169153', NULL, -1, 0, 0, '2021-06-01 08:00:00', NULL),
('1400458450986622978', '1395598166866391043', '1400458450437169153', NULL, -1, 0, 0, '2021-06-01 08:00:00', NULL),
('1400458450978234369', '1395598166866391042', '1400458450437169153', NULL, -1, 0, 0, '2021-06-01 08:00:00', NULL),
('1400458450881765378', '1395596191554727941', '1400458450437169153', NULL, -1, 0, 0, '2021-06-01 08:00:00', NULL),
('1400458450890153986', '1395596191554727942', '1400458450437169153', NULL, -1, 0, 0, '2021-06-01 08:00:00', NULL),
('1400458450873376770', '1395596191554727940', '1400458450437169153', NULL, -1, 0, 0, '2021-06-01 08:00:00', NULL),
('1400458450864988162', '1395596191554727939', '1400458450437169153', NULL, -1, 0, 0, '2021-06-01 08:00:00', NULL),
('1400458450852405249', '1395596191554727938', '1400458450437169153', NULL, -1, 0, 0, '2021-06-01 08:00:00', NULL),
('1400458450848210945', '1395596191554727937', '1400458450437169153', NULL, -1, 0, 0, '2021-06-01 08:00:00', NULL),
('1400458450839822337', '1395596191508590596', '1400458450437169153', NULL, -1, 0, 0, '2021-06-01 08:00:00', NULL),
('1400458450827239425', '1395596191508590595', '1400458450437169153', NULL, -1, 0, 0, '2021-06-01 08:00:00', NULL),
('1400458450818850817', '1395596191508590594', '1400458450437169153', NULL, -1, 0, 0, '2021-06-01 08:00:00', NULL),
('1400458450776907778', '1376866579060486145', '1400458450437169153', NULL, -1, 0, 0, '2021-06-01 08:00:00', NULL),
('1400458450785296386', '1376870881904656385', '1400458450437169153', NULL, -1, 0, 0, '2021-06-01 08:00:00', NULL),
('1400458450793684993', '1395574991369555969', '1400458450437169153', NULL, -1, 0, 0, '2021-06-01 08:00:00', NULL),
('1400458450810462209', '1376876729053835266', '1400458450437169153', NULL, -1, 0, 0, '2021-06-01 08:00:00', NULL),
('1400458946728189953', '1395596191554727939', '1400458946640109570', NULL, -1, 0, 0, '2021-06-15 08:00:00', NULL),
('1400458946719801345', '1395596191554727938', '1400458946640109570', NULL, -1, 0, 0, '2021-06-15 08:00:00', NULL),
('1400458946711412739', '1395596191554727937', '1400458946640109570', NULL, -1, 0, 0, '2021-06-15 08:00:00', NULL),
('1400458946711412738', '1395596191508590596', '1400458946640109570', NULL, -1, 0, 0, '2021-06-15 08:00:00', NULL),
('1400458946694635521', '1395596191508590595', '1400458946640109570', NULL, -1, 0, 0, '2021-06-15 08:00:00', NULL),
('1400458946690441218', '1395596191508590594', '1400458946640109570', NULL, -1, 0, 0, '2021-06-15 08:00:00', NULL),
('1400458946682052610', '1376876729053835266', '1400458946640109570', NULL, -1, 0, 0, '2021-06-15 08:00:00', NULL),
('1400458946673664003', '1395574991369555969', '1400458946640109570', NULL, -1, 0, 0, '2021-06-15 08:00:00', NULL),
('1400458946732384258', '1395596191554727940', '1400458946640109570', NULL, -1, 0, 0, '2021-06-15 08:00:00', NULL),
('1400458946740772866', '1395596191554727941', '1400458946640109570', NULL, -1, 0, 0, '2021-06-15 08:00:00', NULL),
('1400458946744967170', '1395596191554727942', '1400458946640109570', NULL, -1, 0, 0, '2021-06-15 08:00:00', NULL),
('1400458946753355777', '1395596191554727943', '1400458946640109570', NULL, -1, 0, 0, '2021-06-15 08:00:00', NULL),
('1400458946753355778', '1395596191621836801', '1400458946640109570', NULL, -1, 0, 0, '2021-06-15 08:00:00', NULL),
('1400458946761744386', '1395598166803476482', '1400458946640109570', NULL, -1, 0, 0, '2021-06-15 08:00:00', NULL),
('1400458946770132993', '1395598166803476483', '1400458946640109570', NULL, -1, 0, 0, '2021-06-15 08:00:00', NULL),
('1400458946778521601', '1395598166803476484', '1400458946640109570', NULL, -1, 0, 0, '2021-06-15 08:00:00', NULL),
('1400458946786910210', '1395598166866391041', '1400458946640109570', NULL, -1, 0, 0, '2021-06-15 08:00:00', NULL),
('1400458946795298817', '1395598166866391042', '1400458946640109570', NULL, -1, 0, 0, '2021-06-15 08:00:00', NULL),
('1400458946795298818', '1395598166866391043', '1400458946640109570', NULL, -1, 0, 0, '2021-06-15 08:00:00', NULL),
('1400458946803687425', '1395598166866391044', '1400458946640109570', NULL, -1, 0, 0, '2021-06-15 08:00:00', NULL),
('1400458946807881730', '1395598166866391045', '1400458946640109570', NULL, -1, 0, 0, '2021-06-15 08:00:00', NULL),
('1400458946812076034', '1395598166866391046', '1400458946640109570', NULL, -1, 0, 0, '2021-06-15 08:00:00', NULL),
('1400458946812076035', '1395719564154142721', '1400458946640109570', NULL, -1, 0, 0, '2021-06-15 08:00:00', NULL),
('1401566210553843714', '1395598166866391044', '1401566210390265857', NULL, -1, 0, 0, '2021-06-12 08:00:00', NULL),
('1401566210545455106', '1395598166866391043', '1401566210390265857', NULL, -1, 0, 0, '2021-06-12 08:00:00', NULL),
('1401566210537066498', '1395598166866391042', '1401566210390265857', NULL, -1, 0, 0, '2021-06-12 08:00:00', NULL),
('1401566210537066497', '1395598166866391041', '1401566210390265857', NULL, -1, 0, 0, '2021-06-12 08:00:00', NULL),
('1401566210528677890', '1395598166803476484', '1401566210390265857', NULL, -1, 0, 0, '2021-06-12 08:00:00', NULL),
('1401566210528677889', '1395598166803476483', '1401566210390265857', NULL, -1, 0, 0, '2021-06-12 08:00:00', NULL),
('1401566210520289283', '1395598166803476482', '1401566210390265857', NULL, -1, 0, 0, '2021-06-12 08:00:00', NULL),
('1401566210520289282', '1395596191621836801', '1401566210390265857', NULL, -1, 0, 0, '2021-06-12 08:00:00', NULL),
('1401566210511900673', '1395596191554727943', '1401566210390265857', NULL, -1, 0, 0, '2021-06-12 08:00:00', NULL),
('1401566210503512066', '1395596191554727942', '1401566210390265857', NULL, -1, 0, 0, '2021-06-12 08:00:00', NULL),
('1401566210495123459', '1395596191554727941', '1401566210390265857', NULL, -1, 0, 0, '2021-06-12 08:00:00', NULL),
('1401566210495123458', '1395596191554727940', '1401566210390265857', NULL, -1, 0, 0, '2021-06-12 08:00:00', NULL),
('1401566210486734849', '1395596191554727939', '1401566210390265857', NULL, -1, 0, 0, '2021-06-12 08:00:00', NULL),
('1401566210478346241', '1395596191554727938', '1401566210390265857', NULL, -1, 0, 0, '2021-06-12 08:00:00', NULL),
('1401566210469957633', '1395596191554727937', '1401566210390265857', NULL, -1, 0, 0, '2021-06-12 08:00:00', NULL),
('1401566210461569027', '1395596191508590596', '1401566210390265857', NULL, -1, 0, 0, '2021-06-12 08:00:00', NULL),
('1401566210461569026', '1395596191508590595', '1401566210390265857', NULL, -1, 0, 0, '2021-06-12 08:00:00', NULL),
('1401566210453180418', '1395596191508590594', '1401566210390265857', NULL, -1, 0, 0, '2021-06-12 08:00:00', NULL),
('1401566210453180417', '1401562818905411587', '1401566210390265857', NULL, -1, 0, 0, '2021-06-12 08:00:00', NULL),
('1401566210444791809', '1401562818905411586', '1401566210390265857', NULL, -1, 0, 0, '2021-06-12 08:00:00', NULL),
('1401566210436403202', '1376876729053835266', '1401566210390265857', NULL, -1, 0, 0, '2021-06-12 08:00:00', NULL),
('1401566210428014595', '1401562818955743233', '1401566210390265857', NULL, -1, 0, 0, '2021-06-12 08:00:00', NULL),
('1401566210428014594', '1401562818964131842', '1401566210390265857', NULL, -1, 0, 0, '2021-06-12 08:00:00', NULL),
('1401566210419625986', '1401564222751543298', '1401566210390265857', NULL, -1, 0, 0, '2021-06-12 08:00:00', NULL),
('1401566210402848770', '1376866579060486145', '1401566210390265857', NULL, -1, 0, 0, '2021-06-12 08:00:00', NULL),
('1401566210402848771', '1376870881904656385', '1401566210390265857', 'https://edu-tengshan.oss-cn-beijing.aliyuncs.com/baseExperimentReport/78ec4942c0934aa881dcf20adf9ea2f5report.docx', -1, 1, 0, '2021-06-12 08:00:00', '2021-06-06 23:50:44'),
('1401566210411237377', '1395574991369555969', '1401566210390265857', NULL, -1, 0, 0, '2021-06-12 08:00:00', NULL),
('1401566210419625985', '1401564222776709121', '1401566210390265857', NULL, -1, 0, 0, '2021-06-12 08:00:00', NULL),
('1401566210583203842', '1401562818913800193', '1401566210390265857', NULL, -1, 0, 0, '2021-06-12 08:00:00', NULL),
('1401566210574815233', '1401562818922188802', '1401566210390265857', NULL, -1, 0, 0, '2021-06-12 08:00:00', NULL),
('1401566210566426628', '1401562818930577409', '1401566210390265857', NULL, -1, 0, 0, '2021-06-12 08:00:00', NULL),
('1401566210566426627', '1401562818938966017', '1401566210390265857', NULL, -1, 0, 0, '2021-06-12 08:00:00', NULL),
('1401566210566426626', '1401562818947354625', '1401566210390265857', NULL, -1, 0, 0, '2021-06-12 08:00:00', NULL),
('1401566210558038018', '1395719564154142721', '1401566210390265857', NULL, -1, 0, 0, '2021-06-12 08:00:00', NULL),
('1401566210558038017', '1395598166866391046', '1401566210390265857', NULL, -1, 0, 0, '2021-06-12 08:00:00', NULL),
('1401566210553843715', '1395598166866391045', '1401566210390265857', NULL, -1, 0, 0, '2021-06-12 08:00:00', NULL),
('1401563825714532353', '1376866579060486145', '1401563825689366530', NULL, -1, 0, 0, '2021-06-12 08:00:00', NULL),
('1401563825722920962', '1376870881904656385', '1401563825689366530', NULL, -1, 0, 0, '2021-06-12 08:00:00', NULL),
('1401563825731309569', '1395574991369555969', '1401563825689366530', NULL, -1, 0, 0, '2021-06-12 08:00:00', NULL),
('1401563825731309570', '1401562818964131842', '1401563825689366530', NULL, -1, 0, 0, '2021-06-12 08:00:00', NULL),
('1401563825739698177', '1401562818955743233', '1401563825689366530', NULL, -1, 0, 0, '2021-06-12 08:00:00', NULL),
('1401563825748086786', '1376876729053835266', '1401563825689366530', NULL, -1, 0, 0, '2021-06-12 08:00:00', NULL),
('1401563825756475394', '1401562818905411586', '1401563825689366530', NULL, -1, 0, 0, '2021-06-12 08:00:00', NULL),
('1401563825756475395', '1401562818905411587', '1401563825689366530', NULL, -1, 0, 0, '2021-06-12 08:00:00', NULL),
('1401563825764864002', '1395596191508590594', '1401563825689366530', NULL, -1, 0, 0, '2021-06-12 08:00:00', NULL),
('1401563825773252610', '1395596191508590595', '1401563825689366530', NULL, -1, 0, 0, '2021-06-12 08:00:00', NULL),
('1401563825781641218', '1395596191508590596', '1401563825689366530', NULL, -1, 0, 0, '2021-06-12 08:00:00', NULL),
('1401563825781641219', '1395596191554727937', '1401563825689366530', NULL, -1, 0, 0, '2021-06-12 08:00:00', NULL),
('1401563825790029826', '1395596191554727938', '1401563825689366530', NULL, -1, 0, 0, '2021-06-12 08:00:00', NULL),
('1401563825798418434', '1395596191554727939', '1401563825689366530', NULL, -1, 0, 0, '2021-06-12 08:00:00', NULL),
('1401563825806807041', '1395596191554727940', '1401563825689366530', NULL, -1, 0, 0, '2021-06-12 08:00:00', NULL),
('1401563825811001345', '1395596191554727941', '1401563825689366530', NULL, -1, 0, 0, '2021-06-12 08:00:00', NULL),
('1401563825819389954', '1395596191554727942', '1401563825689366530', NULL, -1, 0, 0, '2021-06-12 08:00:00', NULL),
('1401563825819389955', '1395596191554727943', '1401563825689366530', NULL, -1, 0, 0, '2021-06-12 08:00:00', NULL),
('1401563825827778561', '1395596191621836801', '1401563825689366530', NULL, -1, 0, 0, '2021-06-12 08:00:00', NULL),
('1401563825827778562', '1395598166803476482', '1401563825689366530', NULL, -1, 0, 0, '2021-06-12 08:00:00', NULL),
('1401563825836167169', '1395598166803476483', '1401563825689366530', NULL, -1, 0, 0, '2021-06-12 08:00:00', NULL),
('1401563825844555778', '1395598166803476484', '1401563825689366530', NULL, -1, 0, 0, '2021-06-12 08:00:00', NULL),
('1401563825852944386', '1395598166866391041', '1401563825689366530', NULL, -1, 0, 0, '2021-06-12 08:00:00', NULL),
('1401563825852944387', '1395598166866391042', '1401563825689366530', NULL, -1, 0, 0, '2021-06-12 08:00:00', NULL),
('1401563825861332994', '1395598166866391043', '1401563825689366530', NULL, -1, 0, 0, '2021-06-12 08:00:00', NULL),
('1401563825869721602', '1395598166866391044', '1401563825689366530', NULL, -1, 0, 0, '2021-06-12 08:00:00', NULL),
('1401563825869721603', '1395598166866391045', '1401563825689366530', NULL, -1, 0, 0, '2021-06-12 08:00:00', NULL),
('1401563825878110210', '1395598166866391046', '1401563825689366530', NULL, -1, 0, 0, '2021-06-12 08:00:00', NULL),
('1401563825878110211', '1395719564154142721', '1401563825689366530', NULL, -1, 0, 0, '2021-06-12 08:00:00', NULL),
('1401563825882304513', '1401562818947354625', '1401563825689366530', NULL, -1, 0, 0, '2021-06-12 08:00:00', NULL),
('1401563825890693121', '1401562818938966017', '1401563825689366530', NULL, -1, 0, 0, '2021-06-12 08:00:00', NULL),
('1401563825890693122', '1401562818930577409', '1401563825689366530', NULL, -1, 0, 0, '2021-06-12 08:00:00', NULL),
('1401563825899081729', '1401562818922188802', '1401563825689366530', NULL, -1, 0, 0, '2021-06-12 08:00:00', NULL),
('1401563825899081730', '1401562818913800193', '1401563825689366530', NULL, -1, 0, 0, '2021-06-12 08:00:00', NULL);

-- --------------------------------------------------------

--
-- 表的结构 `stu_homework`
--

DROP TABLE IF EXISTS `stu_homework`;
CREATE TABLE IF NOT EXISTS `stu_homework` (
  `id` char(19) NOT NULL COMMENT '学生课后作业对应关系',
  `stu_id` char(19) NOT NULL COMMENT '学生id',
  `homework_id` char(19) NOT NULL COMMENT '课后作业id',
  `topics` varchar(500) DEFAULT NULL COMMENT '题目集',
  `stu_answers` varchar(500) DEFAULT NULL COMMENT '学生答案',
  `score` int(5) NOT NULL DEFAULT -1 COMMENT '学生成绩',
  `finish` tinyint(1) NOT NULL DEFAULT 0 COMMENT '是否完成',
  `is_deleted` tinyint(1) NOT NULL DEFAULT 0 COMMENT '逻辑删除',
  `gmt_deadline` datetime DEFAULT NULL COMMENT '截止时间',
  `gmt_finish` datetime DEFAULT NULL COMMENT '完成时间',
  PRIMARY KEY (`id`)
) ENGINE=MyISAM DEFAULT CHARSET=utf8;

--
-- 转存表中的数据 `stu_homework`
--

INSERT INTO `stu_homework` (`id`, `stu_id`, `homework_id`, `topics`, `stu_answers`, `score`, `finish`, `is_deleted`, `gmt_deadline`, `gmt_finish`) VALUES
('1400446185386311683', '1395598166866391041', '1400446185294036994', '1395757019029315585 ', NULL, -1, 0, 0, '2021-06-02 08:00:00', NULL),
('1400446185394700290', '1395598166866391042', '1400446185294036994', '1395757019029315585 ', NULL, -1, 0, 0, '2021-06-02 08:00:00', NULL),
('1400446185386311682', '1395598166803476484', '1400446185294036994', '1395757019029315585 ', NULL, -1, 0, 0, '2021-06-02 08:00:00', NULL),
('1400446185373728770', '1395596191621836801', '1400446185294036994', '1395757019029315585 ', NULL, -1, 0, 0, '2021-06-02 08:00:00', NULL),
('1400446185382117378', '1395598166803476482', '1400446185294036994', '1395757019029315585 ', NULL, -1, 0, 0, '2021-06-02 08:00:00', NULL),
('1400446185382117379', '1395598166803476483', '1400446185294036994', '1395757019029315585 ', NULL, -1, 0, 0, '2021-06-02 08:00:00', NULL),
('1400446185365340163', '1395596191554727942', '1400446185294036994', '1395757019029315585 ', NULL, -1, 0, 0, '2021-06-02 08:00:00', NULL),
('1400446185373728769', '1395596191554727943', '1400446185294036994', '1395757019029315585 ', NULL, -1, 0, 0, '2021-06-02 08:00:00', NULL),
('1400446185356951553', '1395596191554727940', '1400446185294036994', '1395757019029315585 ', NULL, -1, 0, 0, '2021-06-02 08:00:00', NULL),
('1400446185365340162', '1395596191554727941', '1400446185294036994', '1395757019029315585 ', NULL, -1, 0, 0, '2021-06-02 08:00:00', NULL),
('1400446185348562947', '1395596191554727939', '1400446185294036994', '1395757019029315585 ', NULL, -1, 0, 0, '2021-06-02 08:00:00', NULL),
('1400446185348562946', '1395596191554727938', '1400446185294036994', '1395757019029315585 ', NULL, -1, 0, 0, '2021-06-02 08:00:00', NULL),
('1400446185331785730', '1395596191508590596', '1400446185294036994', '1395757019029315585 ', NULL, -1, 0, 0, '2021-06-02 08:00:00', NULL),
('1400446185340174338', '1395596191554727937', '1400446185294036994', '1395757019029315585 ', NULL, -1, 0, 0, '2021-06-02 08:00:00', NULL),
('1400446185331785729', '1395596191508590595', '1400446185294036994', '1395757019029315585 ', NULL, -1, 0, 0, '2021-06-02 08:00:00', NULL),
('1400446185323397124', '1395596191508590594', '1400446185294036994', '1395757019029315585 ', NULL, -1, 0, 0, '2021-06-02 08:00:00', NULL),
('1400446185323397122', '1395574991369555969', '1400446185294036994', '1395757019029315585 ', NULL, -1, 0, 0, '2021-06-02 08:00:00', NULL),
('1400446185323397123', '1376876729053835266', '1400446185294036994', '1395757019029315585 ', NULL, -1, 0, 0, '2021-06-02 08:00:00', NULL),
('1400446185315008515', '1376870881904656385', '1400446185294036994', '1395757019029315585 ', NULL, -1, 0, 0, '2021-06-02 08:00:00', NULL),
('1400446185315008514', '1376866579060486145', '1400446185294036994', '1395757019029315585 ', NULL, -1, 0, 0, '2021-06-02 08:00:00', NULL),
('1400445785358761986', '1395598166866391046', '1400445785199378433', '1400405515053318146 ', NULL, -1, 0, 0, '2021-06-01 08:00:00', NULL),
('1400445785367150594', '1395719564154142721', '1400445785199378433', '1400405515053318146 ', NULL, -1, 0, 0, '2021-06-01 08:00:00', NULL),
('1400445785354567681', '1395598166866391045', '1400445785199378433', '1400405515053318146 ', NULL, -1, 0, 0, '2021-06-01 08:00:00', NULL),
('1400445785346179074', '1395598166866391044', '1400445785199378433', '1400405515053318146 ', NULL, -1, 0, 0, '2021-06-01 08:00:00', NULL),
('1400445785337790466', '1395598166866391043', '1400445785199378433', '1400405515053318146 ', NULL, -1, 0, 0, '2021-06-01 08:00:00', NULL),
('1400445785329401858', '1395598166866391042', '1400445785199378433', '1400405515053318146 ', NULL, -1, 0, 0, '2021-06-01 08:00:00', NULL),
('1400445785329401857', '1395598166866391041', '1400445785199378433', '1400405515053318146 ', NULL, -1, 0, 0, '2021-06-01 08:00:00', NULL),
('1400445785321013251', '1395598166803476484', '1400445785199378433', '1400405515053318146 ', NULL, -1, 0, 0, '2021-06-01 08:00:00', NULL),
('1400445785321013250', '1395598166803476483', '1400445785199378433', '1400405515053318146 ', NULL, -1, 0, 0, '2021-06-01 08:00:00', NULL),
('1400445785304236034', '1395596191554727942', '1400445785199378433', '1400405515053318146 ', NULL, -1, 0, 0, '2021-06-01 08:00:00', NULL),
('1400445785304236035', '1395596191554727943', '1400445785199378433', '1400405515053318146 ', NULL, -1, 0, 0, '2021-06-01 08:00:00', NULL),
('1400445785312624642', '1395596191621836801', '1400445785199378433', '1400405515053318146 ', NULL, -1, 0, 0, '2021-06-01 08:00:00', NULL),
('1400445785312624643', '1395598166803476482', '1400445785199378433', '1400405515053318146 ', NULL, -1, 0, 0, '2021-06-01 08:00:00', NULL),
('1400445785295847427', '1395596191554727941', '1400445785199378433', '1400405515053318146 ', NULL, -1, 0, 0, '2021-06-01 08:00:00', NULL),
('1400445785295847426', '1395596191554727940', '1400445785199378433', '1400405515053318146 ', NULL, -1, 0, 0, '2021-06-01 08:00:00', NULL),
('1400445785291653121', '1395596191554727938', '1400445785199378433', '1400405515053318146 ', NULL, -1, 0, 0, '2021-06-01 08:00:00', NULL),
('1400445785291653122', '1395596191554727939', '1400445785199378433', '1400405515053318146 ', NULL, -1, 0, 0, '2021-06-01 08:00:00', NULL),
('1400445785274875905', '1395596191554727937', '1400445785199378433', '1400405515053318146 ', NULL, -1, 0, 0, '2021-06-01 08:00:00', NULL),
('1400445785266487299', '1395596191508590596', '1400445785199378433', '1400405515053318146 ', NULL, -1, 0, 0, '2021-06-01 08:00:00', NULL),
('1400445785266487298', '1395596191508590595', '1400445785199378433', '1400405515053318146 ', NULL, -1, 0, 0, '2021-06-01 08:00:00', NULL),
('1400445785258098690', '1395596191508590594', '1400445785199378433', '1400405515053318146 ', NULL, -1, 0, 0, '2021-06-01 08:00:00', NULL),
('1400445785249710082', '1376876729053835266', '1400445785199378433', '1400405515053318146 ', NULL, -1, 0, 0, '2021-06-01 08:00:00', NULL),
('1400445785249710081', '1395574991369555969', '1400445785199378433', '1400405515053318146 ', NULL, -1, 0, 0, '2021-06-01 08:00:00', NULL),
('1400445785241321474', '1376870881904656385', '1400445785199378433', '1400405515053318146 ', NULL, -1, 0, 0, '2021-06-01 08:00:00', NULL),
('1400445785232932865', '1376866579060486145', '1400445785199378433', '1400405515053318146 ', NULL, -1, 0, 0, '2021-06-01 08:00:00', NULL),
('1400446185394700291', '1395598166866391043', '1400446185294036994', '1395757019029315585 ', NULL, -1, 0, 0, '2021-06-02 08:00:00', NULL),
('1400446185403088898', '1395598166866391044', '1400446185294036994', '1395757019029315585 ', NULL, -1, 0, 0, '2021-06-02 08:00:00', NULL),
('1400446185403088899', '1395598166866391045', '1400446185294036994', '1395757019029315585 ', NULL, -1, 0, 0, '2021-06-02 08:00:00', NULL),
('1400446185403088900', '1395598166866391046', '1400446185294036994', '1395757019029315585 ', NULL, -1, 0, 0, '2021-06-02 08:00:00', NULL),
('1400446185407283202', '1395719564154142721', '1400446185294036994', '1395757019029315585 ', NULL, -1, 0, 0, '2021-06-02 08:00:00', NULL),
('1400446237882220545', '1376866579060486145', '1400446237857054721', '1400426707831242754 ', NULL, -1, 0, 0, '2021-06-03 08:00:00', NULL),
('1400446237882220546', '1376870881904656385', '1400446237857054721', '1400426707831242754 ', NULL, -1, 0, 0, '2021-06-03 08:00:00', NULL),
('1400446237890609154', '1395574991369555969', '1400446237857054721', '1400426707831242754 ', NULL, -1, 0, 0, '2021-06-03 08:00:00', NULL),
('1400446237890609155', '1376876729053835266', '1400446237857054721', '1400426707831242754 ', NULL, -1, 0, 0, '2021-06-03 08:00:00', NULL),
('1400446237898997761', '1395596191508590594', '1400446237857054721', '1400426707831242754 ', NULL, -1, 0, 0, '2021-06-03 08:00:00', NULL),
('1400446237898997762', '1395596191508590595', '1400446237857054721', '1400426707831242754 ', NULL, -1, 0, 0, '2021-06-03 08:00:00', NULL),
('1400446237907386370', '1395596191508590596', '1400446237857054721', '1400426707831242754 ', NULL, -1, 0, 0, '2021-06-03 08:00:00', NULL),
('1400446237907386371', '1395596191554727937', '1400446237857054721', '1400426707831242754 ', NULL, -1, 0, 0, '2021-06-03 08:00:00', NULL),
('1400446237924163585', '1395596191554727938', '1400446237857054721', '1400426707831242754 ', NULL, -1, 0, 0, '2021-06-03 08:00:00', NULL),
('1400446237932552194', '1395596191554727939', '1400446237857054721', '1400426707831242754 ', NULL, -1, 0, 0, '2021-06-03 08:00:00', NULL),
('1400446237932552195', '1395596191554727940', '1400446237857054721', '1400426707831242754 ', NULL, -1, 0, 0, '2021-06-03 08:00:00', NULL),
('1400446237940940802', '1395596191554727941', '1400446237857054721', '1400426707831242754 ', NULL, -1, 0, 0, '2021-06-03 08:00:00', NULL),
('1400446237940940803', '1395596191554727942', '1400446237857054721', '1400426707831242754 ', NULL, -1, 0, 0, '2021-06-03 08:00:00', NULL),
('1400446237940940804', '1395596191554727943', '1400446237857054721', '1400426707831242754 ', NULL, -1, 0, 0, '2021-06-03 08:00:00', NULL),
('1400446237949329410', '1395596191621836801', '1400446237857054721', '1400426707831242754 ', NULL, -1, 0, 0, '2021-06-03 08:00:00', NULL),
('1400446237949329411', '1395598166803476482', '1400446237857054721', '1400426707831242754 ', NULL, -1, 0, 0, '2021-06-03 08:00:00', NULL),
('1400446237957718017', '1395598166803476483', '1400446237857054721', '1400426707831242754 ', NULL, -1, 0, 0, '2021-06-03 08:00:00', NULL),
('1400446237957718018', '1395598166803476484', '1400446237857054721', '1400426707831242754 ', NULL, -1, 0, 0, '2021-06-03 08:00:00', NULL),
('1400446237966106626', '1395598166866391041', '1400446237857054721', '1400426707831242754 ', NULL, -1, 0, 0, '2021-06-03 08:00:00', NULL),
('1400446237966106627', '1395598166866391042', '1400446237857054721', '1400426707831242754 ', NULL, -1, 0, 0, '2021-06-03 08:00:00', NULL),
('1400446237974495233', '1395598166866391043', '1400446237857054721', '1400426707831242754 ', NULL, -1, 0, 0, '2021-06-03 08:00:00', NULL),
('1400446237974495234', '1395598166866391044', '1400446237857054721', '1400426707831242754 ', NULL, -1, 0, 0, '2021-06-03 08:00:00', NULL),
('1400446237982883842', '1395598166866391045', '1400446237857054721', '1400426707831242754 ', NULL, -1, 0, 0, '2021-06-03 08:00:00', NULL),
('1400446237991272450', '1395598166866391046', '1400446237857054721', '1400426707831242754 ', NULL, -1, 0, 0, '2021-06-03 08:00:00', NULL),
('1400446237999661058', '1395719564154142721', '1400446237857054721', '1400426707831242754 ', NULL, -1, 0, 0, '2021-06-03 08:00:00', NULL),
('1400446290663342082', '1376866579060486145', '1400446290642370562', '1395757243097423873 ', NULL, -1, 0, 0, '2021-06-04 08:00:00', NULL),
('1400446290671730690', '1376870881904656385', '1400446290642370562', '1400426955181932546 ', '', 0, 1, 0, '2021-06-04 08:00:00', '2021-06-03 22:20:26'),
('1400446290671730691', '1395574991369555969', '1400446290642370562', '1395757243097423873 ', NULL, -1, 0, 0, '2021-06-04 08:00:00', NULL),
('1400446290680119298', '1376876729053835266', '1400446290642370562', '1400426955181932546 ', NULL, -1, 0, 0, '2021-06-04 08:00:00', NULL),
('1400446290680119299', '1395596191508590594', '1400446290642370562', '1400426955181932546 ', NULL, -1, 0, 0, '2021-06-04 08:00:00', NULL),
('1400446290688507906', '1395596191508590595', '1400446290642370562', '1395757243097423873 ', NULL, -1, 0, 0, '2021-06-04 08:00:00', NULL),
('1400446290696896514', '1395596191508590596', '1400446290642370562', '1400426955181932546 ', NULL, -1, 0, 0, '2021-06-04 08:00:00', NULL),
('1400446290705285121', '1395596191554727937', '1400446290642370562', '1395757243097423873 ', NULL, -1, 0, 0, '2021-06-04 08:00:00', NULL),
('1400446290705285122', '1395596191554727938', '1400446290642370562', '1395757243097423873 ', NULL, -1, 0, 0, '2021-06-04 08:00:00', NULL),
('1400446290709479426', '1395596191554727939', '1400446290642370562', '1400426955181932546 ', NULL, -1, 0, 0, '2021-06-04 08:00:00', NULL),
('1400446290709479427', '1395596191554727940', '1400446290642370562', '1400426955181932546 ', NULL, -1, 0, 0, '2021-06-04 08:00:00', NULL),
('1400446290717868034', '1395596191554727941', '1400446290642370562', '1400426955181932546 ', NULL, -1, 0, 0, '2021-06-04 08:00:00', NULL),
('1400446290717868035', '1395596191554727942', '1400446290642370562', '1400426955181932546 ', NULL, -1, 0, 0, '2021-06-04 08:00:00', NULL),
('1400446290726256642', '1395596191554727943', '1400446290642370562', '1395757243097423873 ', NULL, -1, 0, 0, '2021-06-04 08:00:00', NULL),
('1400446290726256643', '1395596191621836801', '1400446290642370562', '1400426955181932546 ', NULL, -1, 0, 0, '2021-06-04 08:00:00', NULL),
('1400446290734645249', '1395598166803476482', '1400446290642370562', '1400426955181932546 ', NULL, -1, 0, 0, '2021-06-04 08:00:00', NULL),
('1400446290734645250', '1395598166803476483', '1400446290642370562', '1400426955181932546 ', NULL, -1, 0, 0, '2021-06-04 08:00:00', NULL),
('1400446290743033858', '1395598166803476484', '1400446290642370562', '1400426955181932546 ', NULL, -1, 0, 0, '2021-06-04 08:00:00', NULL),
('1400446290743033859', '1395598166866391041', '1400446290642370562', '1400426955181932546 ', NULL, -1, 0, 0, '2021-06-04 08:00:00', NULL),
('1400446290751422466', '1395598166866391042', '1400446290642370562', '1395757243097423873 ', NULL, -1, 0, 0, '2021-06-04 08:00:00', NULL),
('1400446290751422467', '1395598166866391043', '1400446290642370562', '1395757243097423873 ', NULL, -1, 0, 0, '2021-06-04 08:00:00', NULL),
('1400446290759811074', '1395598166866391044', '1400446290642370562', '1400426955181932546 ', NULL, -1, 0, 0, '2021-06-04 08:00:00', NULL),
('1400446290772393985', '1395598166866391045', '1400446290642370562', '1395757243097423873 ', NULL, -1, 0, 0, '2021-06-04 08:00:00', NULL),
('1400446290772393986', '1395598166866391046', '1400446290642370562', '1400426955181932546 ', NULL, -1, 0, 0, '2021-06-04 08:00:00', NULL),
('1400446290780782593', '1395719564154142721', '1400446290642370562', '1395757243097423873 ', NULL, -1, 0, 0, '2021-06-04 08:00:00', NULL),
('1400446517696823297', '1376866579060486145', '1400446517650685953', '1400427403137794049 ', NULL, -1, 0, 0, '2021-06-05 08:00:00', NULL),
('1400446517705211906', '1376870881904656385', '1400446517650685953', '1400427403137794049 ', 'A.算法过程', 100, 1, 0, '2021-06-05 08:00:00', '2021-06-03 22:20:35'),
('1400446517705211907', '1395574991369555969', '1400446517650685953', '1400427403137794049 ', NULL, -1, 0, 0, '2021-06-05 08:00:00', NULL),
('1400446517705211908', '1376876729053835266', '1400446517650685953', '1400427403137794049 ', NULL, -1, 0, 0, '2021-06-05 08:00:00', NULL),
('1400446517713600514', '1395596191508590594', '1400446517650685953', '1400427403137794049 ', NULL, -1, 0, 0, '2021-06-05 08:00:00', NULL),
('1400446517713600515', '1395596191508590595', '1400446517650685953', '1400427403137794049 ', NULL, -1, 0, 0, '2021-06-05 08:00:00', NULL),
('1400446517721989122', '1395596191508590596', '1400446517650685953', '1400427403137794049 ', NULL, -1, 0, 0, '2021-06-05 08:00:00', NULL),
('1400446517721989123', '1395596191554727937', '1400446517650685953', '1400427403137794049 ', NULL, -1, 0, 0, '2021-06-05 08:00:00', NULL),
('1400446517721989124', '1395596191554727938', '1400446517650685953', '1400427403137794049 ', NULL, -1, 0, 0, '2021-06-05 08:00:00', NULL),
('1400446517726183426', '1395596191554727939', '1400446517650685953', '1400427403137794049 ', NULL, -1, 0, 0, '2021-06-05 08:00:00', NULL),
('1400446517726183427', '1395596191554727940', '1400446517650685953', '1400427403137794049 ', NULL, -1, 0, 0, '2021-06-05 08:00:00', NULL),
('1400446517726183428', '1395596191554727941', '1400446517650685953', '1400427403137794049 ', NULL, -1, 0, 0, '2021-06-05 08:00:00', NULL),
('1400446517734572034', '1395596191554727942', '1400446517650685953', '1400427403137794049 ', NULL, -1, 0, 0, '2021-06-05 08:00:00', NULL),
('1400446517742960641', '1395596191554727943', '1400446517650685953', '1400427403137794049 ', NULL, -1, 0, 0, '2021-06-05 08:00:00', NULL),
('1400446517751349249', '1395596191621836801', '1400446517650685953', '1400427403137794049 ', NULL, -1, 0, 0, '2021-06-05 08:00:00', NULL),
('1400446517759737857', '1395598166803476482', '1400446517650685953', '1400427403137794049 ', NULL, -1, 0, 0, '2021-06-05 08:00:00', NULL),
('1400446517759737858', '1395598166803476483', '1400446517650685953', '1400427403137794049 ', NULL, -1, 0, 0, '2021-06-05 08:00:00', NULL),
('1400446517768126465', '1395598166803476484', '1400446517650685953', '1400427403137794049 ', NULL, -1, 0, 0, '2021-06-05 08:00:00', NULL),
('1400446517768126466', '1395598166866391041', '1400446517650685953', '1400427403137794049 ', NULL, -1, 0, 0, '2021-06-05 08:00:00', NULL),
('1400446517768126467', '1395598166866391042', '1400446517650685953', '1400427403137794049 ', NULL, -1, 0, 0, '2021-06-05 08:00:00', NULL),
('1400446517776515074', '1395598166866391043', '1400446517650685953', '1400427403137794049 ', NULL, -1, 0, 0, '2021-06-05 08:00:00', NULL),
('1400446517776515075', '1395598166866391044', '1400446517650685953', '1400427403137794049 ', NULL, -1, 0, 0, '2021-06-05 08:00:00', NULL),
('1400446517784903681', '1395598166866391045', '1400446517650685953', '1400427403137794049 ', NULL, -1, 0, 0, '2021-06-05 08:00:00', NULL),
('1400446517784903682', '1395598166866391046', '1400446517650685953', '1400427403137794049 ', NULL, -1, 0, 0, '2021-06-05 08:00:00', NULL),
('1400446517784903683', '1395719564154142721', '1400446517650685953', '1400427403137794049 ', NULL, -1, 0, 0, '2021-06-05 08:00:00', NULL),
('1400446576089923586', '1376866579060486145', '1400446576073146370', '1400428716856721409 ', NULL, -1, 0, 0, '2021-06-06 08:00:00', NULL),
('1400446576098312193', '1376870881904656385', '1400446576073146370', '1400428716856721409 ', 'D.二进制', 100, 1, 0, '2021-06-06 08:00:00', '2021-06-03 22:20:40'),
('1400446576098312194', '1395574991369555969', '1400446576073146370', '1395757642344833026 ', NULL, -1, 0, 0, '2021-06-06 08:00:00', NULL),
('1400446576106700801', '1376876729053835266', '1400446576073146370', '1395757642344833026 ', NULL, -1, 0, 0, '2021-06-06 08:00:00', NULL),
('1400446576115089409', '1395596191508590594', '1400446576073146370', '1400428716856721409 ', NULL, -1, 0, 0, '2021-06-06 08:00:00', NULL),
('1400446576123478018', '1395596191508590595', '1400446576073146370', '1400428716856721409 ', NULL, -1, 0, 0, '2021-06-06 08:00:00', NULL),
('1400446576131866625', '1395596191508590596', '1400446576073146370', '1395757642344833026 ', NULL, -1, 0, 0, '2021-06-06 08:00:00', NULL),
('1400446576140255233', '1395596191554727937', '1400446576073146370', '1395757642344833026 ', NULL, -1, 0, 0, '2021-06-06 08:00:00', NULL),
('1400446576140255234', '1395596191554727938', '1400446576073146370', '1400428716856721409 ', NULL, -1, 0, 0, '2021-06-06 08:00:00', NULL),
('1400446576148643842', '1395596191554727939', '1400446576073146370', '1400428716856721409 ', NULL, -1, 0, 0, '2021-06-06 08:00:00', NULL),
('1400446576148643843', '1395596191554727940', '1400446576073146370', '1400428716856721409 ', NULL, -1, 0, 0, '2021-06-06 08:00:00', NULL),
('1400446576157032450', '1395596191554727941', '1400446576073146370', '1400428716856721409 ', NULL, -1, 0, 0, '2021-06-06 08:00:00', NULL),
('1400446576157032451', '1395596191554727942', '1400446576073146370', '1400428716856721409 ', NULL, -1, 0, 0, '2021-06-06 08:00:00', NULL),
('1400446576157032452', '1395596191554727943', '1400446576073146370', '1395757642344833026 ', NULL, -1, 0, 0, '2021-06-06 08:00:00', NULL),
('1400446576165421058', '1395596191621836801', '1400446576073146370', '1400428716856721409 ', NULL, -1, 0, 0, '2021-06-06 08:00:00', NULL),
('1400446576165421059', '1395598166803476482', '1400446576073146370', '1400428716856721409 ', NULL, -1, 0, 0, '2021-06-06 08:00:00', NULL),
('1400446576173809665', '1395598166803476483', '1400446576073146370', '1395757642344833026 ', NULL, -1, 0, 0, '2021-06-06 08:00:00', NULL),
('1400446576173809666', '1395598166803476484', '1400446576073146370', '1395757642344833026 ', NULL, -1, 0, 0, '2021-06-06 08:00:00', NULL),
('1400446576182198274', '1395598166866391041', '1400446576073146370', '1400428716856721409 ', NULL, -1, 0, 0, '2021-06-06 08:00:00', NULL),
('1400446576190586882', '1395598166866391042', '1400446576073146370', '1395757642344833026 ', NULL, -1, 0, 0, '2021-06-06 08:00:00', NULL),
('1400446576198975489', '1395598166866391043', '1400446576073146370', '1400428716856721409 ', NULL, -1, 0, 0, '2021-06-06 08:00:00', NULL),
('1400446576207364097', '1395598166866391044', '1400446576073146370', '1400428716856721409 ', NULL, -1, 0, 0, '2021-06-06 08:00:00', NULL),
('1400446576207364098', '1395598166866391045', '1400446576073146370', '1400428716856721409 ', NULL, -1, 0, 0, '2021-06-06 08:00:00', NULL),
('1400446576215752706', '1395598166866391046', '1400446576073146370', '1395757642344833026 ', NULL, -1, 0, 0, '2021-06-06 08:00:00', NULL),
('1400446576215752707', '1395719564154142721', '1400446576073146370', '1400428716856721409 ', NULL, -1, 0, 0, '2021-06-06 08:00:00', NULL),
('1400446622994825217', '1376866579060486145', '1400446622978048001', '1400428994460925954 ', NULL, -1, 0, 0, '2021-06-07 08:00:00', NULL),
('1400446623032573953', '1376870881904656385', '1400446622978048001', '1400428994460925954 ', '', 0, 1, 0, '2021-06-07 08:00:00', '2021-06-03 22:20:43'),
('1400446623040962561', '1395574991369555969', '1400446622978048001', '1400428994460925954 ', NULL, -1, 0, 0, '2021-06-07 08:00:00', NULL),
('1400446623049351170', '1376876729053835266', '1400446622978048001', '1400428994460925954 ', NULL, -1, 0, 0, '2021-06-07 08:00:00', NULL),
('1400446623053545474', '1395596191508590594', '1400446622978048001', '1400428994460925954 ', NULL, -1, 0, 0, '2021-06-07 08:00:00', NULL),
('1400446623061934081', '1395596191508590595', '1400446622978048001', '1400428994460925954 ', NULL, -1, 0, 0, '2021-06-07 08:00:00', NULL),
('1400446623061934082', '1395596191508590596', '1400446622978048001', '1400428994460925954 ', NULL, -1, 0, 0, '2021-06-07 08:00:00', NULL),
('1400446623070322689', '1395596191554727937', '1400446622978048001', '1400428994460925954 ', NULL, -1, 0, 0, '2021-06-07 08:00:00', NULL),
('1400446623070322690', '1395596191554727938', '1400446622978048001', '1400428994460925954 ', NULL, -1, 0, 0, '2021-06-07 08:00:00', NULL),
('1400446623078711297', '1395596191554727939', '1400446622978048001', '1400428994460925954 ', NULL, -1, 0, 0, '2021-06-07 08:00:00', NULL),
('1400446623078711298', '1395596191554727940', '1400446622978048001', '1400428994460925954 ', NULL, -1, 0, 0, '2021-06-07 08:00:00', NULL),
('1400446623087099905', '1395596191554727941', '1400446622978048001', '1400428994460925954 ', NULL, -1, 0, 0, '2021-06-07 08:00:00', NULL),
('1400446623087099906', '1395596191554727942', '1400446622978048001', '1400428994460925954 ', NULL, -1, 0, 0, '2021-06-07 08:00:00', NULL),
('1400446623099682817', '1395596191554727943', '1400446622978048001', '1400428994460925954 ', NULL, -1, 0, 0, '2021-06-07 08:00:00', NULL),
('1400446623099682818', '1395596191621836801', '1400446622978048001', '1400428994460925954 ', NULL, -1, 0, 0, '2021-06-07 08:00:00', NULL),
('1400446623108071426', '1395598166803476482', '1400446622978048001', '1400428994460925954 ', NULL, -1, 0, 0, '2021-06-07 08:00:00', NULL),
('1400446623108071427', '1395598166803476483', '1400446622978048001', '1400428994460925954 ', NULL, -1, 0, 0, '2021-06-07 08:00:00', NULL),
('1400446623116460033', '1395598166803476484', '1400446622978048001', '1400428994460925954 ', NULL, -1, 0, 0, '2021-06-07 08:00:00', NULL),
('1400446623116460034', '1395598166866391041', '1400446622978048001', '1400428994460925954 ', NULL, -1, 0, 0, '2021-06-07 08:00:00', NULL),
('1400446623124848641', '1395598166866391042', '1400446622978048001', '1400428994460925954 ', NULL, -1, 0, 0, '2021-06-07 08:00:00', NULL),
('1400446623124848642', '1395598166866391043', '1400446622978048001', '1400428994460925954 ', NULL, -1, 0, 0, '2021-06-07 08:00:00', NULL),
('1400446623124848643', '1395598166866391044', '1400446622978048001', '1400428994460925954 ', NULL, -1, 0, 0, '2021-06-07 08:00:00', NULL),
('1400446623133237250', '1395598166866391045', '1400446622978048001', '1400428994460925954 ', NULL, -1, 0, 0, '2021-06-07 08:00:00', NULL),
('1400446623133237251', '1395598166866391046', '1400446622978048001', '1400428994460925954 ', NULL, -1, 0, 0, '2021-06-07 08:00:00', NULL),
('1400446623141625858', '1395719564154142721', '1400446622978048001', '1400428994460925954 ', NULL, -1, 0, 0, '2021-06-07 08:00:00', NULL),
('1400446694818086914', '1376866579060486145', '1400446694792921089', '1394098759242649602 ', NULL, -1, 0, 0, '2021-06-08 08:00:00', NULL),
('1400446694826475521', '1376870881904656385', '1400446694792921089', '1394098759242649602 ', '不大清楚', 0, 1, 0, '2021-06-08 08:00:00', '2021-06-06 08:36:05'),
('1400446694834864129', '1395574991369555969', '1400446694792921089', '1394098759242649602 ', NULL, -1, 0, 0, '2021-06-08 08:00:00', NULL),
('1400446694834864130', '1376876729053835266', '1400446694792921089', '1394098759242649602 ', NULL, -1, 0, 0, '2021-06-08 08:00:00', NULL),
('1400446694843252738', '1395596191508590594', '1400446694792921089', '1394098759242649602 ', NULL, -1, 0, 0, '2021-06-08 08:00:00', NULL),
('1400446694843252739', '1395596191508590595', '1400446694792921089', '1394098759242649602 ', NULL, -1, 0, 0, '2021-06-08 08:00:00', NULL),
('1400446694847447042', '1395596191508590596', '1400446694792921089', '1394098759242649602 ', NULL, -1, 0, 0, '2021-06-08 08:00:00', NULL),
('1400446694847447043', '1395596191554727937', '1400446694792921089', '1394098759242649602 ', NULL, -1, 0, 0, '2021-06-08 08:00:00', NULL),
('1400446694847447044', '1395596191554727938', '1400446694792921089', '1394098759242649602 ', NULL, -1, 0, 0, '2021-06-08 08:00:00', NULL),
('1400446694855835650', '1395596191554727939', '1400446694792921089', '1394098759242649602 ', NULL, -1, 0, 0, '2021-06-08 08:00:00', NULL),
('1400446694855835651', '1395596191554727940', '1400446694792921089', '1394098759242649602 ', NULL, -1, 0, 0, '2021-06-08 08:00:00', NULL),
('1400446694864224257', '1395596191554727941', '1400446694792921089', '1394098759242649602 ', NULL, -1, 0, 0, '2021-06-08 08:00:00', NULL),
('1400446694864224258', '1395596191554727942', '1400446694792921089', '1394098759242649602 ', NULL, -1, 0, 0, '2021-06-08 08:00:00', NULL),
('1400446694872612865', '1395596191554727943', '1400446694792921089', '1394098759242649602 ', NULL, -1, 0, 0, '2021-06-08 08:00:00', NULL),
('1400446694872612866', '1395596191621836801', '1400446694792921089', '1394098759242649602 ', NULL, -1, 0, 0, '2021-06-08 08:00:00', NULL),
('1400446694881001473', '1395598166803476482', '1400446694792921089', '1394098759242649602 ', NULL, -1, 0, 0, '2021-06-08 08:00:00', NULL),
('1400446694889390082', '1395598166803476483', '1400446694792921089', '1394098759242649602 ', NULL, -1, 0, 0, '2021-06-08 08:00:00', NULL),
('1400446694897778690', '1395598166803476484', '1400446694792921089', '1394098759242649602 ', NULL, -1, 0, 0, '2021-06-08 08:00:00', NULL),
('1400446694906167298', '1395598166866391041', '1400446694792921089', '1394098759242649602 ', NULL, -1, 0, 0, '2021-06-08 08:00:00', NULL),
('1400446694914555906', '1395598166866391042', '1400446694792921089', '1394098759242649602 ', NULL, -1, 0, 0, '2021-06-08 08:00:00', NULL),
('1400446694914555907', '1395598166866391043', '1400446694792921089', '1394098759242649602 ', NULL, -1, 0, 0, '2021-06-08 08:00:00', NULL),
('1400446694914555908', '1395598166866391044', '1400446694792921089', '1394098759242649602 ', NULL, -1, 0, 0, '2021-06-08 08:00:00', NULL),
('1400446694922944514', '1395598166866391045', '1400446694792921089', '1394098759242649602 ', NULL, -1, 0, 0, '2021-06-08 08:00:00', NULL),
('1400446694922944515', '1395598166866391046', '1400446694792921089', '1394098759242649602 ', NULL, -1, 0, 0, '2021-06-08 08:00:00', NULL),
('1400446694931333121', '1395719564154142721', '1400446694792921089', '1394098759242649602 ', NULL, -1, 0, 0, '2021-06-08 08:00:00', NULL),
('1400446844923838465', '1376866579060486145', '1400446844907061249', '1400429529423429633 ', NULL, -1, 0, 0, '2021-06-09 08:00:00', NULL),
('1400446844932227074', '1376870881904656385', '1400446844907061249', '1400430110871404546 ', '', 0, 1, 0, '2021-06-09 08:00:00', '2021-06-08 20:39:45'),
('1400446844932227075', '1395574991369555969', '1400446844907061249', '1400430110871404546 ', NULL, -1, 0, 0, '2021-06-09 08:00:00', NULL),
('1400446844940615682', '1376876729053835266', '1400446844907061249', '1400430110871404546 ', NULL, -1, 0, 0, '2021-06-09 08:00:00', NULL),
('1400446844940615683', '1395596191508590594', '1400446844907061249', '1400429529423429633 ', NULL, -1, 0, 0, '2021-06-09 08:00:00', NULL),
('1400446844949004290', '1395596191508590595', '1400446844907061249', '1400429529423429633 ', NULL, -1, 0, 0, '2021-06-09 08:00:00', NULL),
('1400446844949004291', '1395596191508590596', '1400446844907061249', '1400430110871404546 ', NULL, -1, 0, 0, '2021-06-09 08:00:00', NULL),
('1400446844957392897', '1395596191554727937', '1400446844907061249', '1400429529423429633 ', NULL, -1, 0, 0, '2021-06-09 08:00:00', NULL),
('1400446844965781505', '1395596191554727938', '1400446844907061249', '1400430110871404546 ', NULL, -1, 0, 0, '2021-06-09 08:00:00', NULL),
('1400446844974170113', '1395596191554727939', '1400446844907061249', '1400429529423429633 ', NULL, -1, 0, 0, '2021-06-09 08:00:00', NULL),
('1400446844974170114', '1395596191554727940', '1400446844907061249', '1400430110871404546 ', NULL, -1, 0, 0, '2021-06-09 08:00:00', NULL),
('1400446844982558721', '1395596191554727941', '1400446844907061249', '1400430110871404546 ', NULL, -1, 0, 0, '2021-06-09 08:00:00', NULL),
('1400446844990947329', '1395596191554727942', '1400446844907061249', '1400429529423429633 ', NULL, -1, 0, 0, '2021-06-09 08:00:00', NULL),
('1400446844990947330', '1395596191554727943', '1400446844907061249', '1400430110871404546 ', NULL, -1, 0, 0, '2021-06-09 08:00:00', NULL),
('1400446844999335938', '1395596191621836801', '1400446844907061249', '1400430110871404546 ', NULL, -1, 0, 0, '2021-06-09 08:00:00', NULL),
('1400446844999335939', '1395598166803476482', '1400446844907061249', '1400430110871404546 ', NULL, -1, 0, 0, '2021-06-09 08:00:00', NULL),
('1400446844999335940', '1395598166803476483', '1400446844907061249', '1400430110871404546 ', NULL, -1, 0, 0, '2021-06-09 08:00:00', NULL),
('1400446845007724545', '1395598166803476484', '1400446844907061249', '1400429529423429633 ', NULL, -1, 0, 0, '2021-06-09 08:00:00', NULL),
('1400446845007724546', '1395598166866391041', '1400446844907061249', '1400430110871404546 ', NULL, -1, 0, 0, '2021-06-09 08:00:00', NULL),
('1400446845016113154', '1395598166866391042', '1400446844907061249', '1400430110871404546 ', NULL, -1, 0, 0, '2021-06-09 08:00:00', NULL),
('1400446845016113155', '1395598166866391043', '1400446844907061249', '1400430110871404546 ', NULL, -1, 0, 0, '2021-06-09 08:00:00', NULL),
('1400446845016113156', '1395598166866391044', '1400446844907061249', '1400429529423429633 ', NULL, -1, 0, 0, '2021-06-09 08:00:00', NULL),
('1400446845020307458', '1395598166866391045', '1400446844907061249', '1400430110871404546 ', NULL, -1, 0, 0, '2021-06-09 08:00:00', NULL),
('1400446845020307459', '1395598166866391046', '1400446844907061249', '1400429529423429633 ', NULL, -1, 0, 0, '2021-06-09 08:00:00', NULL),
('1400446845028696066', '1395719564154142721', '1400446844907061249', '1400429529423429633 ', NULL, -1, 0, 0, '2021-06-09 08:00:00', NULL),
('1400446946648293378', '1376866579060486145', '1400446946627321858', '1400430443345494017 ', NULL, -1, 0, 0, '2021-06-10 08:00:00', NULL),
('1400446946656681985', '1376870881904656385', '1400446946627321858', '1400430443345494017 ', NULL, -1, 0, 0, '2021-06-10 08:00:00', NULL),
('1400446946660876289', '1395574991369555969', '1400446946627321858', '1400430443345494017 ', NULL, -1, 0, 0, '2021-06-10 08:00:00', NULL),
('1400446946660876290', '1376876729053835266', '1400446946627321858', '1400430443345494017 ', NULL, -1, 0, 0, '2021-06-10 08:00:00', NULL),
('1400446946669264898', '1395596191508590594', '1400446946627321858', '1400430443345494017 ', NULL, -1, 0, 0, '2021-06-10 08:00:00', NULL),
('1400446946669264899', '1395596191508590595', '1400446946627321858', '1400430443345494017 ', NULL, -1, 0, 0, '2021-06-10 08:00:00', NULL),
('1400446946677653506', '1395596191508590596', '1400446946627321858', '1400430443345494017 ', NULL, -1, 0, 0, '2021-06-10 08:00:00', NULL),
('1400446946686042114', '1395596191554727937', '1400446946627321858', '1400430443345494017 ', NULL, -1, 0, 0, '2021-06-10 08:00:00', NULL),
('1400446946694430722', '1395596191554727938', '1400446946627321858', '1400430443345494017 ', NULL, -1, 0, 0, '2021-06-10 08:00:00', NULL),
('1400446946702819329', '1395596191554727939', '1400446946627321858', '1400430443345494017 ', NULL, -1, 0, 0, '2021-06-10 08:00:00', NULL),
('1400446946702819330', '1395596191554727940', '1400446946627321858', '1400430443345494017 ', NULL, -1, 0, 0, '2021-06-10 08:00:00', NULL),
('1400446946711207938', '1395596191554727941', '1400446946627321858', '1400430443345494017 ', NULL, -1, 0, 0, '2021-06-10 08:00:00', NULL),
('1400446946711207939', '1395596191554727942', '1400446946627321858', '1400430443345494017 ', NULL, -1, 0, 0, '2021-06-10 08:00:00', NULL),
('1400446946711207940', '1395596191554727943', '1400446946627321858', '1400430443345494017 ', NULL, -1, 0, 0, '2021-06-10 08:00:00', NULL),
('1400446946719596545', '1395596191621836801', '1400446946627321858', '1400430443345494017 ', NULL, -1, 0, 0, '2021-06-10 08:00:00', NULL),
('1400446946719596546', '1395598166803476482', '1400446946627321858', '1400430443345494017 ', NULL, -1, 0, 0, '2021-06-10 08:00:00', NULL),
('1400446946719596547', '1395598166803476483', '1400446946627321858', '1400430443345494017 ', NULL, -1, 0, 0, '2021-06-10 08:00:00', NULL),
('1400446946727985154', '1395598166803476484', '1400446946627321858', '1400430443345494017 ', NULL, -1, 0, 0, '2021-06-10 08:00:00', NULL),
('1400446946727985155', '1395598166866391041', '1400446946627321858', '1400430443345494017 ', NULL, -1, 0, 0, '2021-06-10 08:00:00', NULL),
('1400446946727985156', '1395598166866391042', '1400446946627321858', '1400430443345494017 ', NULL, -1, 0, 0, '2021-06-10 08:00:00', NULL),
('1400446946736373762', '1395598166866391043', '1400446946627321858', '1400430443345494017 ', NULL, -1, 0, 0, '2021-06-10 08:00:00', NULL),
('1400446946736373763', '1395598166866391044', '1400446946627321858', '1400430443345494017 ', NULL, -1, 0, 0, '2021-06-10 08:00:00', NULL),
('1400446946736373764', '1395598166866391045', '1400446946627321858', '1400430443345494017 ', NULL, -1, 0, 0, '2021-06-10 08:00:00', NULL),
('1400446946744762369', '1395598166866391046', '1400446946627321858', '1400430443345494017 ', NULL, -1, 0, 0, '2021-06-10 08:00:00', NULL),
('1400446946753150978', '1395719564154142721', '1400446946627321858', '1400430443345494017 ', NULL, -1, 0, 0, '2021-06-10 08:00:00', NULL),
('1400447003195899906', '1376866579060486145', '1400447003170734081', '1400431298517942274 ', NULL, -1, 0, 0, '2021-06-11 08:00:00', NULL),
('1400447003195899907', '1376870881904656385', '1400447003170734081', '1400431298517942274 ', NULL, -1, 0, 0, '2021-06-11 08:00:00', NULL),
('1400447003204288514', '1395574991369555969', '1400447003170734081', '1400431298517942274 ', NULL, -1, 0, 0, '2021-06-11 08:00:00', NULL),
('1400447003204288515', '1376876729053835266', '1400447003170734081', '1400431298517942274 ', NULL, -1, 0, 0, '2021-06-11 08:00:00', NULL),
('1400447003208482817', '1395596191508590594', '1400447003170734081', '1400431298517942274 ', NULL, -1, 0, 0, '2021-06-11 08:00:00', NULL),
('1400447003208482818', '1395596191508590595', '1400447003170734081', '1400431298517942274 ', NULL, -1, 0, 0, '2021-06-11 08:00:00', NULL),
('1400447003216871426', '1395596191508590596', '1400447003170734081', '1400431298517942274 ', NULL, -1, 0, 0, '2021-06-11 08:00:00', NULL),
('1400447003216871427', '1395596191554727937', '1400447003170734081', '1400431298517942274 ', NULL, -1, 0, 0, '2021-06-11 08:00:00', NULL),
('1400447003225260033', '1395596191554727938', '1400447003170734081', '1400431298517942274 ', NULL, -1, 0, 0, '2021-06-11 08:00:00', NULL),
('1400447003225260034', '1395596191554727939', '1400447003170734081', '1400431298517942274 ', NULL, -1, 0, 0, '2021-06-11 08:00:00', NULL),
('1400447003233648641', '1395596191554727940', '1400447003170734081', '1400431298517942274 ', NULL, -1, 0, 0, '2021-06-11 08:00:00', NULL),
('1400447003233648642', '1395596191554727941', '1400447003170734081', '1400431298517942274 ', NULL, -1, 0, 0, '2021-06-11 08:00:00', NULL),
('1400447003242037249', '1395596191554727942', '1400447003170734081', '1400431298517942274 ', NULL, -1, 0, 0, '2021-06-11 08:00:00', NULL),
('1400447003250425858', '1395596191554727943', '1400447003170734081', '1400431298517942274 ', NULL, -1, 0, 0, '2021-06-11 08:00:00', NULL),
('1400447003250425859', '1395596191621836801', '1400447003170734081', '1400431298517942274 ', NULL, -1, 0, 0, '2021-06-11 08:00:00', NULL),
('1400447003258814465', '1395598166803476482', '1400447003170734081', '1400431298517942274 ', NULL, -1, 0, 0, '2021-06-11 08:00:00', NULL),
('1400447003258814466', '1395598166803476483', '1400447003170734081', '1400431298517942274 ', NULL, -1, 0, 0, '2021-06-11 08:00:00', NULL),
('1400447003267203074', '1395598166803476484', '1400447003170734081', '1400431298517942274 ', NULL, -1, 0, 0, '2021-06-11 08:00:00', NULL),
('1400447003267203075', '1395598166866391041', '1400447003170734081', '1400431298517942274 ', NULL, -1, 0, 0, '2021-06-11 08:00:00', NULL),
('1400447003275591682', '1395598166866391042', '1400447003170734081', '1400431298517942274 ', NULL, -1, 0, 0, '2021-06-11 08:00:00', NULL),
('1400447003275591683', '1395598166866391043', '1400447003170734081', '1400431298517942274 ', NULL, -1, 0, 0, '2021-06-11 08:00:00', NULL),
('1400447003283980290', '1395598166866391044', '1400447003170734081', '1400431298517942274 ', NULL, -1, 0, 0, '2021-06-11 08:00:00', NULL),
('1400447003283980291', '1395598166866391045', '1400447003170734081', '1400431298517942274 ', NULL, -1, 0, 0, '2021-06-11 08:00:00', NULL),
('1400447003292368897', '1395598166866391046', '1400447003170734081', '1400431298517942274 ', NULL, -1, 0, 0, '2021-06-11 08:00:00', NULL),
('1400447003292368898', '1395719564154142721', '1400447003170734081', '1400431298517942274 ', NULL, -1, 0, 0, '2021-06-11 08:00:00', NULL);

-- --------------------------------------------------------

--
-- 表的结构 `stu_preview`
--

DROP TABLE IF EXISTS `stu_preview`;
CREATE TABLE IF NOT EXISTS `stu_preview` (
  `id` char(19) NOT NULL COMMENT '学生与课前预习',
  `stu_id` char(19) NOT NULL COMMENT '学生id',
  `preview_id` char(19) NOT NULL COMMENT '课前预习id',
  `topics` varchar(500) DEFAULT NULL COMMENT '题目集',
  `stu_answers` varchar(500) DEFAULT NULL COMMENT '学生提交的答案',
  `score` int(5) NOT NULL DEFAULT -1 COMMENT '学生成绩',
  `finish` tinyint(1) NOT NULL DEFAULT 0 COMMENT '是否完成',
  `is_deleted` tinyint(1) NOT NULL DEFAULT 0 COMMENT '逻辑删除',
  `gmt_deadline` datetime DEFAULT NULL COMMENT '截止时间',
  `gmt_finish` datetime DEFAULT NULL COMMENT '完成时间',
  PRIMARY KEY (`id`)
) ENGINE=MyISAM DEFAULT CHARSET=utf8;

--
-- 转存表中的数据 `stu_preview`
--

INSERT INTO `stu_preview` (`id`, `stu_id`, `preview_id`, `topics`, `stu_answers`, `score`, `finish`, `is_deleted`, `gmt_deadline`, `gmt_finish`) VALUES
('1400444414278533122', '1376876729053835266', '1400444414236590081', '1400428994460925954 ', NULL, -1, 0, 0, '2021-06-10 08:00:00', NULL),
('1400444330245652481', '1395596191554727937', '1400444330182737921', '1400428716856721409 ', NULL, -1, 0, 0, '2021-06-05 08:00:00', NULL),
('1400444330245652482', '1395596191554727938', '1400444330182737921', '1400428716856721409 ', NULL, -1, 0, 0, '2021-06-05 08:00:00', NULL),
('1400444330254041090', '1395596191554727939', '1400444330182737921', '1395757642344833026 ', NULL, -1, 0, 0, '2021-06-05 08:00:00', NULL),
('1400444330254041091', '1395596191554727940', '1400444330182737921', '1395757642344833026 ', NULL, -1, 0, 0, '2021-06-05 08:00:00', NULL),
('1400444330262429698', '1395596191554727941', '1400444330182737921', '1395757642344833026 ', NULL, -1, 0, 0, '2021-06-05 08:00:00', NULL),
('1400444330262429699', '1395596191554727942', '1400444330182737921', '1395757642344833026 ', NULL, -1, 0, 0, '2021-06-05 08:00:00', NULL),
('1400444330279206914', '1395596191554727943', '1400444330182737921', '1395757642344833026 ', NULL, -1, 0, 0, '2021-06-05 08:00:00', NULL),
('1400444330287595522', '1395596191621836801', '1400444330182737921', '1400428716856721409 ', NULL, -1, 0, 0, '2021-06-05 08:00:00', NULL),
('1400444330287595523', '1395598166803476482', '1400444330182737921', '1400428716856721409 ', NULL, -1, 0, 0, '2021-06-05 08:00:00', NULL),
('1400444330295984129', '1395598166803476483', '1400444330182737921', '1395757642344833026 ', NULL, -1, 0, 0, '2021-06-05 08:00:00', NULL),
('1400444330295984130', '1395598166803476484', '1400444330182737921', '1395757642344833026 ', NULL, -1, 0, 0, '2021-06-05 08:00:00', NULL),
('1400444330304372738', '1395598166866391041', '1400444330182737921', '1395757642344833026 ', NULL, -1, 0, 0, '2021-06-05 08:00:00', NULL),
('1400444330304372739', '1395598166866391042', '1400444330182737921', '1400428716856721409 ', NULL, -1, 0, 0, '2021-06-05 08:00:00', NULL),
('1400444330312761346', '1395598166866391043', '1400444330182737921', '1400428716856721409 ', NULL, -1, 0, 0, '2021-06-05 08:00:00', NULL),
('1400444330312761347', '1395598166866391044', '1400444330182737921', '1400428716856721409 ', NULL, -1, 0, 0, '2021-06-05 08:00:00', NULL),
('1400444330321149954', '1395598166866391045', '1400444330182737921', '1400428716856721409 ', NULL, -1, 0, 0, '2021-06-05 08:00:00', NULL),
('1400444330321149955', '1395598166866391046', '1400444330182737921', '1395757642344833026 ', NULL, -1, 0, 0, '2021-06-05 08:00:00', NULL),
('1400444330329538562', '1395719564154142721', '1400444330182737921', '1400428716856721409 ', NULL, -1, 0, 0, '2021-06-05 08:00:00', NULL),
('1400444414261755905', '1376866579060486145', '1400444414236590081', '1400428994460925954 ', NULL, -1, 0, 0, '2021-06-10 08:00:00', NULL),
('1400444414261755906', '1376870881904656385', '1400444414236590081', '1400428994460925954 ', '计算机的概念性结构和功能特性', 100, 1, 0, '2021-06-10 08:00:00', '2021-06-03 21:49:28'),
('1400444414270144514', '1395574991369555969', '1400444414236590081', '1400428994460925954 ', NULL, -1, 0, 0, '2021-06-10 08:00:00', NULL),
('1400444330241458178', '1395596191508590596', '1400444330182737921', '1395757642344833026 ', NULL, -1, 0, 0, '2021-06-05 08:00:00', NULL),
('1400444330241458177', '1395596191508590595', '1400444330182737921', '1395757642344833026 ', NULL, -1, 0, 0, '2021-06-05 08:00:00', NULL),
('1400444330233069570', '1395596191508590594', '1400444330182737921', '1395757642344833026 ', NULL, -1, 0, 0, '2021-06-05 08:00:00', NULL),
('1400444330233069569', '1376876729053835266', '1400444330182737921', '1400428716856721409 ', NULL, -1, 0, 0, '2021-06-05 08:00:00', NULL),
('1400444330224680962', '1395574991369555969', '1400444330182737921', '1400428716856721409 ', NULL, -1, 0, 0, '2021-06-05 08:00:00', NULL),
('1400444330224680961', '1376870881904656385', '1400444330182737921', '1400428716856721409 ', 'D.二进制', 100, 1, 0, '2021-06-05 08:00:00', '2021-06-03 21:49:11'),
('1400444330216292353', '1376866579060486145', '1400444330182737921', '1395757642344833026 ', NULL, -1, 0, 0, '2021-06-05 08:00:00', NULL),
('1400444232388345857', '1395719564154142721', '1400444232233156610', '1400427403137794049 ', NULL, -1, 0, 0, '2021-06-05 08:00:00', NULL),
('1400444232379957251', '1395598166866391046', '1400444232233156610', '1400427403137794049 ', NULL, -1, 0, 0, '2021-06-05 08:00:00', NULL),
('1400444232379957250', '1395598166866391045', '1400444232233156610', '1400427403137794049 ', NULL, -1, 0, 0, '2021-06-05 08:00:00', NULL),
('1400444232371568644', '1395598166866391044', '1400444232233156610', '1400427403137794049 ', NULL, -1, 0, 0, '2021-06-05 08:00:00', NULL),
('1400444232371568643', '1395598166866391043', '1400444232233156610', '1400427403137794049 ', NULL, -1, 0, 0, '2021-06-05 08:00:00', NULL),
('1400444232371568642', '1395598166866391042', '1400444232233156610', '1400427403137794049 ', NULL, -1, 0, 0, '2021-06-05 08:00:00', NULL),
('1400444232363180034', '1395598166866391041', '1400444232233156610', '1400427403137794049 ', NULL, -1, 0, 0, '2021-06-05 08:00:00', NULL),
('1400444232363180033', '1395598166803476484', '1400444232233156610', '1400427403137794049 ', NULL, -1, 0, 0, '2021-06-05 08:00:00', NULL),
('1400444232358985731', '1395598166803476483', '1400444232233156610', '1400427403137794049 ', NULL, -1, 0, 0, '2021-06-05 08:00:00', NULL),
('1400444232358985730', '1395598166803476482', '1400444232233156610', '1400427403137794049 ', NULL, -1, 0, 0, '2021-06-05 08:00:00', NULL),
('1400444232350597123', '1395596191621836801', '1400444232233156610', '1400427403137794049 ', NULL, -1, 0, 0, '2021-06-05 08:00:00', NULL),
('1400444232350597122', '1395596191554727943', '1400444232233156610', '1400427403137794049 ', NULL, -1, 0, 0, '2021-06-05 08:00:00', NULL),
('1400444232342208514', '1395596191554727942', '1400444232233156610', '1400427403137794049 ', NULL, -1, 0, 0, '2021-06-05 08:00:00', NULL),
('1400444232333819905', '1395596191554727941', '1400444232233156610', '1400427403137794049 ', NULL, -1, 0, 0, '2021-06-05 08:00:00', NULL),
('1400444232325431299', '1395596191554727940', '1400444232233156610', '1400427403137794049 ', NULL, -1, 0, 0, '2021-06-05 08:00:00', NULL),
('1400444232325431298', '1395596191554727939', '1400444232233156610', '1400427403137794049 ', NULL, -1, 0, 0, '2021-06-05 08:00:00', NULL),
('1400444232317042690', '1395596191554727938', '1400444232233156610', '1400427403137794049 ', NULL, -1, 0, 0, '2021-06-05 08:00:00', NULL),
('1400444232317042689', '1395596191554727937', '1400444232233156610', '1400427403137794049 ', NULL, -1, 0, 0, '2021-06-05 08:00:00', NULL),
('1400444232312848387', '1395596191508590596', '1400444232233156610', '1400427403137794049 ', NULL, -1, 0, 0, '2021-06-05 08:00:00', NULL),
('1400444232312848386', '1395596191508590595', '1400444232233156610', '1400427403137794049 ', NULL, -1, 0, 0, '2021-06-05 08:00:00', NULL),
('1400444232304459779', '1395596191508590594', '1400444232233156610', '1400427403137794049 ', NULL, -1, 0, 0, '2021-06-05 08:00:00', NULL),
('1400444232304459778', '1376876729053835266', '1400444232233156610', '1400427403137794049 ', NULL, -1, 0, 0, '2021-06-05 08:00:00', NULL),
('1400444232296071170', '1395574991369555969', '1400444232233156610', '1400427403137794049 ', NULL, -1, 0, 0, '2021-06-05 08:00:00', NULL),
('1400444232287682561', '1376870881904656385', '1400444232233156610', '1400427403137794049 ', 'A.算法过程', 100, 1, 0, '2021-06-05 08:00:00', '2021-06-03 21:48:51'),
('1400444232254128130', '1376866579060486145', '1400444232233156610', '1400427403137794049 ', NULL, -1, 0, 0, '2021-06-05 08:00:00', NULL),
('1400444172896337923', '1395719564154142721', '1400444172741148673', '1395757243097423873 ', NULL, -1, 0, 0, '2021-06-04 08:00:00', NULL),
('1400444172896337922', '1395598166866391046', '1400444172741148673', '1400426955181932546 ', NULL, -1, 0, 0, '2021-06-04 08:00:00', NULL),
('1400444172887949314', '1395598166866391045', '1400444172741148673', '1395757243097423873 ', NULL, -1, 0, 0, '2021-06-04 08:00:00', NULL),
('1400444172887949313', '1395598166866391044', '1400444172741148673', '1400426955181932546 ', NULL, -1, 0, 0, '2021-06-04 08:00:00', NULL),
('1400444172879560706', '1395598166866391043', '1400444172741148673', '1395757243097423873 ', NULL, -1, 0, 0, '2021-06-04 08:00:00', NULL),
('1400444172879560705', '1395598166866391042', '1400444172741148673', '1395757243097423873 ', NULL, -1, 0, 0, '2021-06-04 08:00:00', NULL),
('1400444172871172097', '1395598166866391041', '1400444172741148673', '1395757243097423873 ', NULL, -1, 0, 0, '2021-06-04 08:00:00', NULL),
('1400444172866977794', '1395598166803476484', '1400444172741148673', '1400426955181932546 ', NULL, -1, 0, 0, '2021-06-04 08:00:00', NULL),
('1400444172866977793', '1395598166803476483', '1400444172741148673', '1400426955181932546 ', NULL, -1, 0, 0, '2021-06-04 08:00:00', NULL),
('1400444172858589185', '1395598166803476482', '1400444172741148673', '1395757243097423873 ', NULL, -1, 0, 0, '2021-06-04 08:00:00', NULL),
('1400444172850200577', '1395596191621836801', '1400444172741148673', '1400426955181932546 ', NULL, -1, 0, 0, '2021-06-04 08:00:00', NULL),
('1400444172841811970', '1395596191554727943', '1400444172741148673', '1395757243097423873 ', NULL, -1, 0, 0, '2021-06-04 08:00:00', NULL),
('1400444172833423363', '1395596191554727942', '1400444172741148673', '1400426955181932546 ', NULL, -1, 0, 0, '2021-06-04 08:00:00', NULL),
('1400444172833423362', '1395596191554727941', '1400444172741148673', '1400426955181932546 ', NULL, -1, 0, 0, '2021-06-04 08:00:00', NULL),
('1400444172825034755', '1395596191554727940', '1400444172741148673', '1395757243097423873 ', NULL, -1, 0, 0, '2021-06-04 08:00:00', NULL),
('1400444172808257537', '1395596191508590595', '1400444172741148673', '1400426955181932546 ', NULL, -1, 0, 0, '2021-06-04 08:00:00', NULL),
('1400444172816646145', '1395596191508590596', '1400444172741148673', '1400426955181932546 ', NULL, -1, 0, 0, '2021-06-04 08:00:00', NULL),
('1400444172816646146', '1395596191554727937', '1400444172741148673', '1400426955181932546 ', NULL, -1, 0, 0, '2021-06-04 08:00:00', NULL),
('1400444172825034754', '1395596191554727939', '1400444172741148673', '1395757243097423873 ', NULL, -1, 0, 0, '2021-06-04 08:00:00', NULL),
('1400444172816646147', '1395596191554727938', '1400444172741148673', '1395757243097423873 ', NULL, -1, 0, 0, '2021-06-04 08:00:00', NULL),
('1400444172791480321', '1395574991369555969', '1400444172741148673', '1400426955181932546 ', NULL, -1, 0, 0, '2021-06-04 08:00:00', NULL),
('1400444172799868929', '1376876729053835266', '1400444172741148673', '1400426955181932546 ', NULL, -1, 0, 0, '2021-06-04 08:00:00', NULL),
('1400444172799868930', '1395596191508590594', '1400444172741148673', '1395757243097423873 ', NULL, -1, 0, 0, '2021-06-04 08:00:00', NULL),
('1400444103182811138', '1395719564154142721', '1400444103036010497', '1400426707831242754 ', NULL, -1, 0, 0, '2021-06-04 08:00:00', NULL),
('1400444172774703105', '1376866579060486145', '1400444172741148673', '1395757243097423873 ', NULL, -1, 0, 0, '2021-06-04 08:00:00', NULL),
('1400444172783091713', '1376870881904656385', '1400444172741148673', '1400426955181932546 ', '用机器来模拟人们用纸和笔进行数学运算的过程', 100, 1, 0, '2021-06-04 08:00:00', '2021-06-03 21:42:41'),
('1400444103174422530', '1395598166866391044', '1400444103036010497', '1400426707831242754 ', NULL, -1, 0, 0, '2021-06-04 08:00:00', NULL),
('1400444103174422531', '1395598166866391045', '1400444103036010497', '1400426707831242754 ', NULL, -1, 0, 0, '2021-06-04 08:00:00', NULL),
('1400444103182811137', '1395598166866391046', '1400444103036010497', '1400426707831242754 ', NULL, -1, 0, 0, '2021-06-04 08:00:00', NULL),
('1400444103157645313', '1395598166866391041', '1400444103036010497', '1400426707831242754 ', NULL, -1, 0, 0, '2021-06-04 08:00:00', NULL),
('1400444103166033921', '1395598166866391042', '1400444103036010497', '1400426707831242754 ', NULL, -1, 0, 0, '2021-06-04 08:00:00', NULL),
('1400444103166033922', '1395598166866391043', '1400444103036010497', '1400426707831242754 ', NULL, -1, 0, 0, '2021-06-04 08:00:00', NULL),
('1400444103132479490', '1395598166803476482', '1400444103036010497', '1400426707831242754 ', NULL, -1, 0, 0, '2021-06-04 08:00:00', NULL),
('1400444103140868098', '1395598166803476483', '1400444103036010497', '1400426707831242754 ', NULL, -1, 0, 0, '2021-06-04 08:00:00', NULL),
('1400444103140868099', '1395598166803476484', '1400444103036010497', '1400426707831242754 ', NULL, -1, 0, 0, '2021-06-04 08:00:00', NULL),
('1400444103111507971', '1395596191554727939', '1400444103036010497', '1400426707831242754 ', NULL, -1, 0, 0, '2021-06-04 08:00:00', NULL),
('1400444103119896577', '1395596191554727940', '1400444103036010497', '1400426707831242754 ', NULL, -1, 0, 0, '2021-06-04 08:00:00', NULL),
('1400444103119896578', '1395596191554727941', '1400444103036010497', '1400426707831242754 ', NULL, -1, 0, 0, '2021-06-04 08:00:00', NULL),
('1400444103128285185', '1395596191554727942', '1400444103036010497', '1400426707831242754 ', NULL, -1, 0, 0, '2021-06-04 08:00:00', NULL),
('1400444103128285186', '1395596191554727943', '1400444103036010497', '1400426707831242754 ', NULL, -1, 0, 0, '2021-06-04 08:00:00', NULL),
('1400444103132479489', '1395596191621836801', '1400444103036010497', '1400426707831242754 ', NULL, -1, 0, 0, '2021-06-04 08:00:00', NULL),
('1400444103103119361', '1395596191508590596', '1400444103036010497', '1400426707831242754 ', NULL, -1, 0, 0, '2021-06-04 08:00:00', NULL),
('1400444103103119362', '1395596191554727937', '1400444103036010497', '1400426707831242754 ', NULL, -1, 0, 0, '2021-06-04 08:00:00', NULL),
('1400444103111507970', '1395596191554727938', '1400444103036010497', '1400426707831242754 ', NULL, -1, 0, 0, '2021-06-04 08:00:00', NULL),
('1400444103086342145', '1395596191508590594', '1400444103036010497', '1400426707831242754 ', NULL, -1, 0, 0, '2021-06-04 08:00:00', NULL),
('1400444103094730753', '1395596191508590595', '1400444103036010497', '1400426707831242754 ', NULL, -1, 0, 0, '2021-06-04 08:00:00', NULL),
('1400444103069564929', '1376870881904656385', '1400444103036010497', '1400426707831242754 ', '枚举法', 100, 1, 0, '2021-06-04 08:00:00', '2021-06-03 21:42:11'),
('1400444103069564930', '1395574991369555969', '1400444103036010497', '1400426707831242754 ', NULL, -1, 0, 0, '2021-06-04 08:00:00', NULL),
('1400444103077953537', '1376876729053835266', '1400444103036010497', '1400426707831242754 ', NULL, -1, 0, 0, '2021-06-04 08:00:00', NULL),
('1400444034010349569', '1395719564154142721', '1400444033871937538', '1395757019029315585 ', NULL, -1, 0, 0, '2021-05-03 08:00:00', NULL),
('1400444103061176321', '1376866579060486145', '1400444103036010497', '1400426707831242754 ', NULL, -1, 0, 0, '2021-06-04 08:00:00', NULL),
('1400444033993572354', '1395598166866391044', '1400444033871937538', '1395757019029315585 ', NULL, -1, 0, 0, '2021-05-03 08:00:00', NULL),
('1400444034001960962', '1395598166866391045', '1400444033871937538', '1395757019029315585 ', NULL, -1, 0, 0, '2021-05-03 08:00:00', NULL),
('1400444034001960963', '1395598166866391046', '1400444033871937538', '1395757019029315585 ', NULL, -1, 0, 0, '2021-05-03 08:00:00', NULL),
('1400444033985183747', '1395598166866391042', '1400444033871937538', '1395757019029315585 ', NULL, -1, 0, 0, '2021-05-03 08:00:00', NULL),
('1400444033993572353', '1395598166866391043', '1400444033871937538', '1395757019029315585 ', NULL, -1, 0, 0, '2021-05-03 08:00:00', NULL),
('1400444033972600834', '1395598166803476482', '1400444033871937538', '1395757019029315585 ', NULL, -1, 0, 0, '2021-05-03 08:00:00', NULL),
('1400444033985183746', '1395598166866391041', '1400444033871937538', '1395757019029315585 ', NULL, -1, 0, 0, '2021-05-03 08:00:00', NULL),
('1400444033976795139', '1395598166803476484', '1400444033871937538', '1395757019029315585 ', NULL, -1, 0, 0, '2021-05-03 08:00:00', NULL),
('1400444033976795138', '1395598166803476483', '1400444033871937538', '1395757019029315585 ', NULL, -1, 0, 0, '2021-05-03 08:00:00', NULL),
('1400444033955823619', '1395596191554727941', '1400444033871937538', '1395757019029315585 ', NULL, -1, 0, 0, '2021-05-03 08:00:00', NULL),
('1400444033964212225', '1395596191554727942', '1400444033871937538', '1395757019029315585 ', NULL, -1, 0, 0, '2021-05-03 08:00:00', NULL),
('1400444033964212226', '1395596191554727943', '1400444033871937538', '1395757019029315585 ', NULL, -1, 0, 0, '2021-05-03 08:00:00', NULL),
('1400444033972600833', '1395596191621836801', '1400444033871937538', '1395757019029315585 ', NULL, -1, 0, 0, '2021-05-03 08:00:00', NULL),
('1400444033955823618', '1395596191554727940', '1400444033871937538', '1395757019029315585 ', NULL, -1, 0, 0, '2021-05-03 08:00:00', NULL),
('1400444033930657794', '1395596191508590596', '1400444033871937538', '1395757019029315585 ', NULL, -1, 0, 0, '2021-05-03 08:00:00', NULL),
('1400444033930657795', '1395596191554727937', '1400444033871937538', '1395757019029315585 ', NULL, -1, 0, 0, '2021-05-03 08:00:00', NULL),
('1400444033939046403', '1395596191554727939', '1400444033871937538', '1395757019029315585 ', NULL, -1, 0, 0, '2021-05-03 08:00:00', NULL),
('1400444033939046402', '1395596191554727938', '1400444033871937538', '1395757019029315585 ', NULL, -1, 0, 0, '2021-05-03 08:00:00', NULL),
('1400444033913880578', '1376876729053835266', '1400444033871937538', '1395757019029315585 ', NULL, -1, 0, 0, '2021-05-03 08:00:00', NULL),
('1400444033922269186', '1395596191508590594', '1400444033871937538', '1395757019029315585 ', NULL, -1, 0, 0, '2021-05-03 08:00:00', NULL),
('1400444033922269187', '1395596191508590595', '1400444033871937538', '1395757019029315585 ', NULL, -1, 0, 0, '2021-05-03 08:00:00', NULL),
('1400444033905491970', '1376870881904656385', '1400444033871937538', '1395757019029315585 ', NULL, -1, 0, 0, '2021-05-03 08:00:00', NULL),
('1400444033913880577', '1395574991369555969', '1400444033871937538', '1395757019029315585 ', NULL, -1, 0, 0, '2021-05-03 08:00:00', NULL),
('1400444033897103362', '1376866579060486145', '1400444033871937538', '1395757019029315585 ', NULL, -1, 0, 0, '2021-05-03 08:00:00', NULL),
('1400443931342176257', '1395598166866391044', '1400443931166015490', '1400405515053318146 ', NULL, -1, 0, 0, '2020-06-08 08:00:00', NULL),
('1400443931350564866', '1395598166866391045', '1400443931166015490', '1400405515053318146 ', NULL, -1, 0, 0, '2020-06-08 08:00:00', NULL),
('1400443931358953473', '1395719564154142721', '1400443931166015490', '1400405515053318146 ', NULL, -1, 0, 0, '2020-06-08 08:00:00', NULL),
('1400443931350564867', '1395598166866391046', '1400443931166015490', '1400405515053318146 ', NULL, -1, 0, 0, '2020-06-08 08:00:00', NULL),
('1400443931333787651', '1395598166866391043', '1400443931166015490', '1400405515053318146 ', NULL, -1, 0, 0, '2020-06-08 08:00:00', NULL),
('1400443931333787650', '1395598166866391042', '1400443931166015490', '1400405515053318146 ', NULL, -1, 0, 0, '2020-06-08 08:00:00', NULL),
('1400443931317010435', '1395598166866391041', '1400443931166015490', '1400405515053318146 ', NULL, -1, 0, 0, '2020-06-08 08:00:00', NULL),
('1400443931317010434', '1395598166803476484', '1400443931166015490', '1400405515053318146 ', NULL, -1, 0, 0, '2020-06-08 08:00:00', NULL),
('1400443931308621826', '1395598166803476483', '1400443931166015490', '1400405515053318146 ', NULL, -1, 0, 0, '2020-06-08 08:00:00', NULL),
('1400443931308621825', '1395598166803476482', '1400443931166015490', '1400405515053318146 ', NULL, -1, 0, 0, '2020-06-08 08:00:00', NULL),
('1400443931300233218', '1395596191621836801', '1400443931166015490', '1400405515053318146 ', NULL, -1, 0, 0, '2020-06-08 08:00:00', NULL),
('1400443931291844611', '1395596191554727943', '1400443931166015490', '1400405515053318146 ', NULL, -1, 0, 0, '2020-06-08 08:00:00', NULL),
('1400443931291844610', '1395596191554727942', '1400443931166015490', '1400405515053318146 ', NULL, -1, 0, 0, '2020-06-08 08:00:00', NULL),
('1400443931283456002', '1395596191554727941', '1400443931166015490', '1400405515053318146 ', NULL, -1, 0, 0, '2020-06-08 08:00:00', NULL),
('1400443931283456001', '1395596191554727940', '1400443931166015490', '1400405515053318146 ', NULL, -1, 0, 0, '2020-06-08 08:00:00', NULL),
('1400443931275067393', '1395596191554727939', '1400443931166015490', '1400405515053318146 ', NULL, -1, 0, 0, '2020-06-08 08:00:00', NULL),
('1400443931266678786', '1395596191554727938', '1400443931166015490', '1400405515053318146 ', NULL, -1, 0, 0, '2020-06-08 08:00:00', NULL),
('1400443931266678785', '1395596191554727937', '1400443931166015490', '1400405515053318146 ', NULL, -1, 0, 0, '2020-06-08 08:00:00', NULL),
('1400443931245707265', '1395596191508590595', '1400443931166015490', '1400405515053318146 ', NULL, -1, 0, 0, '2020-06-08 08:00:00', NULL),
('1400443931245707266', '1395596191508590596', '1400443931166015490', '1400405515053318146 ', NULL, -1, 0, 0, '2020-06-08 08:00:00', NULL),
('1400443931228930050', '1376876729053835266', '1400443931166015490', '1400405515053318146 ', NULL, -1, 0, 0, '2020-06-08 08:00:00', NULL),
('1400443931237318657', '1395596191508590594', '1400443931166015490', '1400405515053318146 ', NULL, -1, 0, 0, '2020-06-08 08:00:00', NULL),
('1400443931228930049', '1395574991369555969', '1400443931166015490', '1400405515053318146 ', NULL, -1, 0, 0, '2020-06-08 08:00:00', NULL),
('1400443931207958530', '1376866579060486145', '1400443931166015490', '1400405515053318146 ', NULL, -1, 0, 0, '2020-06-08 08:00:00', NULL),
('1400443931220541442', '1376870881904656385', '1400443931166015490', '1400405515053318146 ', NULL, -1, 0, 0, '2020-06-08 08:00:00', NULL),
('1400444414278533123', '1395596191508590594', '1400444414236590081', '1400428994460925954 ', NULL, -1, 0, 0, '2021-06-10 08:00:00', NULL),
('1400444414286921730', '1395596191508590595', '1400444414236590081', '1400428994460925954 ', NULL, -1, 0, 0, '2021-06-10 08:00:00', NULL),
('1400444414286921731', '1395596191508590596', '1400444414236590081', '1400428994460925954 ', NULL, -1, 0, 0, '2021-06-10 08:00:00', NULL),
('1400444414286921732', '1395596191554727937', '1400444414236590081', '1400428994460925954 ', NULL, -1, 0, 0, '2021-06-10 08:00:00', NULL),
('1400444414295310338', '1395596191554727938', '1400444414236590081', '1400428994460925954 ', NULL, -1, 0, 0, '2021-06-10 08:00:00', NULL),
('1400444414303698945', '1395596191554727939', '1400444414236590081', '1400428994460925954 ', NULL, -1, 0, 0, '2021-06-10 08:00:00', NULL),
('1400444414312087553', '1395596191554727940', '1400444414236590081', '1400428994460925954 ', NULL, -1, 0, 0, '2021-06-10 08:00:00', NULL),
('1400444414320476162', '1395596191554727941', '1400444414236590081', '1400428994460925954 ', NULL, -1, 0, 0, '2021-06-10 08:00:00', NULL),
('1400444414320476163', '1395596191554727942', '1400444414236590081', '1400428994460925954 ', NULL, -1, 0, 0, '2021-06-10 08:00:00', NULL),
('1400444414328864769', '1395596191554727943', '1400444414236590081', '1400428994460925954 ', NULL, -1, 0, 0, '2021-06-10 08:00:00', NULL),
('1400444414328864770', '1395596191621836801', '1400444414236590081', '1400428994460925954 ', NULL, -1, 0, 0, '2021-06-10 08:00:00', NULL),
('1400444414337253378', '1395598166803476482', '1400444414236590081', '1400428994460925954 ', NULL, -1, 0, 0, '2021-06-10 08:00:00', NULL),
('1400444414337253379', '1395598166803476483', '1400444414236590081', '1400428994460925954 ', NULL, -1, 0, 0, '2021-06-10 08:00:00', NULL),
('1400444414337253380', '1395598166803476484', '1400444414236590081', '1400428994460925954 ', NULL, -1, 0, 0, '2021-06-10 08:00:00', NULL),
('1400444414345641985', '1395598166866391041', '1400444414236590081', '1400428994460925954 ', NULL, -1, 0, 0, '2021-06-10 08:00:00', NULL),
('1400444414345641986', '1395598166866391042', '1400444414236590081', '1400428994460925954 ', NULL, -1, 0, 0, '2021-06-10 08:00:00', NULL),
('1400444414354030594', '1395598166866391043', '1400444414236590081', '1400428994460925954 ', NULL, -1, 0, 0, '2021-06-10 08:00:00', NULL),
('1400444414354030595', '1395598166866391044', '1400444414236590081', '1400428994460925954 ', NULL, -1, 0, 0, '2021-06-10 08:00:00', NULL),
('1400444414354030596', '1395598166866391045', '1400444414236590081', '1400428994460925954 ', NULL, -1, 0, 0, '2021-06-10 08:00:00', NULL),
('1400444414362419202', '1395598166866391046', '1400444414236590081', '1400428994460925954 ', NULL, -1, 0, 0, '2021-06-10 08:00:00', NULL),
('1400444414362419203', '1395719564154142721', '1400444414236590081', '1400428994460925954 ', NULL, -1, 0, 0, '2021-06-10 08:00:00', NULL),
('1400444499942998018', '1376866579060486145', '1400444499909443586', '1394098759242649602 ', NULL, -1, 0, 0, '2021-06-06 08:00:00', NULL),
('1400444499951386626', '1376870881904656385', '1400444499909443586', '1394098759242649602 ', '就是移动终端', 100, 1, 0, '2021-06-06 08:00:00', '2021-06-03 21:49:44'),
('1400444499955580929', '1395574991369555969', '1400444499909443586', '1394098759242649602 ', NULL, -1, 0, 0, '2021-06-06 08:00:00', NULL),
('1400444499959775234', '1376876729053835266', '1400444499909443586', '1394098759242649602 ', NULL, -1, 0, 0, '2021-06-06 08:00:00', NULL),
('1400444499959775235', '1395596191508590594', '1400444499909443586', '1394098759242649602 ', NULL, -1, 0, 0, '2021-06-06 08:00:00', NULL),
('1400444499959775236', '1395596191508590595', '1400444499909443586', '1394098759242649602 ', NULL, -1, 0, 0, '2021-06-06 08:00:00', NULL),
('1400444499968163842', '1395596191508590596', '1400444499909443586', '1394098759242649602 ', NULL, -1, 0, 0, '2021-06-06 08:00:00', NULL),
('1400444499968163843', '1395596191554727937', '1400444499909443586', '1394098759242649602 ', NULL, -1, 0, 0, '2021-06-06 08:00:00', NULL),
('1400444499976552449', '1395596191554727938', '1400444499909443586', '1394098759242649602 ', NULL, -1, 0, 0, '2021-06-06 08:00:00', NULL),
('1400444499976552450', '1395596191554727939', '1400444499909443586', '1394098759242649602 ', NULL, -1, 0, 0, '2021-06-06 08:00:00', NULL),
('1400444499976552451', '1395596191554727940', '1400444499909443586', '1394098759242649602 ', NULL, -1, 0, 0, '2021-06-06 08:00:00', NULL),
('1400444499984941057', '1395596191554727941', '1400444499909443586', '1394098759242649602 ', NULL, -1, 0, 0, '2021-06-06 08:00:00', NULL),
('1400444499984941058', '1395596191554727942', '1400444499909443586', '1394098759242649602 ', NULL, -1, 0, 0, '2021-06-06 08:00:00', NULL),
('1400444499993329665', '1395596191554727943', '1400444499909443586', '1394098759242649602 ', NULL, -1, 0, 0, '2021-06-06 08:00:00', NULL),
('1400444499993329666', '1395596191621836801', '1400444499909443586', '1394098759242649602 ', NULL, -1, 0, 0, '2021-06-06 08:00:00', NULL),
('1400444500001718273', '1395598166803476482', '1400444499909443586', '1394098759242649602 ', NULL, -1, 0, 0, '2021-06-06 08:00:00', NULL),
('1400444500010106882', '1395598166803476483', '1400444499909443586', '1394098759242649602 ', NULL, -1, 0, 0, '2021-06-06 08:00:00', NULL),
('1400444500018495489', '1395598166803476484', '1400444499909443586', '1394098759242649602 ', NULL, -1, 0, 0, '2021-06-06 08:00:00', NULL),
('1400444500018495490', '1395598166866391041', '1400444499909443586', '1394098759242649602 ', NULL, -1, 0, 0, '2021-06-06 08:00:00', NULL),
('1400444500018495491', '1395598166866391042', '1400444499909443586', '1394098759242649602 ', NULL, -1, 0, 0, '2021-06-06 08:00:00', NULL),
('1400444500026884098', '1395598166866391043', '1400444499909443586', '1394098759242649602 ', NULL, -1, 0, 0, '2021-06-06 08:00:00', NULL),
('1400444500026884099', '1395598166866391044', '1400444499909443586', '1394098759242649602 ', NULL, -1, 0, 0, '2021-06-06 08:00:00', NULL),
('1400444500035272706', '1395598166866391045', '1400444499909443586', '1394098759242649602 ', NULL, -1, 0, 0, '2021-06-06 08:00:00', NULL),
('1400444500035272707', '1395598166866391046', '1400444499909443586', '1394098759242649602 ', NULL, -1, 0, 0, '2021-06-06 08:00:00', NULL),
('1400444500035272708', '1395719564154142721', '1400444499909443586', '1394098759242649602 ', NULL, -1, 0, 0, '2021-06-06 08:00:00', NULL),
('1400444599788404738', '1376866579060486145', '1400444599767433217', '1400429529423429633 ', NULL, -1, 0, 0, '2021-06-08 08:00:00', NULL),
('1400444599788404739', '1376870881904656385', '1400444599767433217', '1400430110871404546 ', '物理、网络、运输、应用', 0, 1, 0, '2021-06-08 08:00:00', '2021-06-03 21:50:11'),
('1400444599796793346', '1395574991369555969', '1400444599767433217', '1400429529423429633 ', NULL, -1, 0, 0, '2021-06-08 08:00:00', NULL),
('1400444599796793347', '1376876729053835266', '1400444599767433217', '1400429529423429633 ', NULL, -1, 0, 0, '2021-06-08 08:00:00', NULL),
('1400444599805181954', '1395596191508590594', '1400444599767433217', '1400430110871404546 ', NULL, -1, 0, 0, '2021-06-08 08:00:00', NULL),
('1400444599805181955', '1395596191508590595', '1400444599767433217', '1400430110871404546 ', NULL, -1, 0, 0, '2021-06-08 08:00:00', NULL),
('1400444599805181956', '1395596191508590596', '1400444599767433217', '1400430110871404546 ', NULL, -1, 0, 0, '2021-06-08 08:00:00', NULL),
('1400444599813570562', '1395596191554727937', '1400444599767433217', '1400429529423429633 ', NULL, -1, 0, 0, '2021-06-08 08:00:00', NULL),
('1400444599813570563', '1395596191554727938', '1400444599767433217', '1400429529423429633 ', NULL, -1, 0, 0, '2021-06-08 08:00:00', NULL),
('1400444599821959169', '1395596191554727939', '1400444599767433217', '1400429529423429633 ', NULL, -1, 0, 0, '2021-06-08 08:00:00', NULL),
('1400444599830347777', '1395596191554727940', '1400444599767433217', '1400429529423429633 ', NULL, -1, 0, 0, '2021-06-08 08:00:00', NULL),
('1400444599838736385', '1395596191554727941', '1400444599767433217', '1400430110871404546 ', NULL, -1, 0, 0, '2021-06-08 08:00:00', NULL),
('1400444599838736386', '1395596191554727942', '1400444599767433217', '1400430110871404546 ', NULL, -1, 0, 0, '2021-06-08 08:00:00', NULL),
('1400444599847124993', '1395596191554727943', '1400444599767433217', '1400430110871404546 ', NULL, -1, 0, 0, '2021-06-08 08:00:00', NULL),
('1400444599855513601', '1395596191621836801', '1400444599767433217', '1400430110871404546 ', NULL, -1, 0, 0, '2021-06-08 08:00:00', NULL),
('1400444599855513602', '1395598166803476482', '1400444599767433217', '1400430110871404546 ', NULL, -1, 0, 0, '2021-06-08 08:00:00', NULL),
('1400444599855513603', '1395598166803476483', '1400444599767433217', '1400429529423429633 ', NULL, -1, 0, 0, '2021-06-08 08:00:00', NULL),
('1400444599863902209', '1395598166803476484', '1400444599767433217', '1400429529423429633 ', NULL, -1, 0, 0, '2021-06-08 08:00:00', NULL),
('1400444599863902210', '1395598166866391041', '1400444599767433217', '1400430110871404546 ', NULL, -1, 0, 0, '2021-06-08 08:00:00', NULL),
('1400444599872290817', '1395598166866391042', '1400444599767433217', '1400430110871404546 ', NULL, -1, 0, 0, '2021-06-08 08:00:00', NULL),
('1400444599872290818', '1395598166866391043', '1400444599767433217', '1400429529423429633 ', NULL, -1, 0, 0, '2021-06-08 08:00:00', NULL),
('1400444599880679425', '1395598166866391044', '1400444599767433217', '1400430110871404546 ', NULL, -1, 0, 0, '2021-06-08 08:00:00', NULL),
('1400444599880679426', '1395598166866391045', '1400444599767433217', '1400429529423429633 ', NULL, -1, 0, 0, '2021-06-08 08:00:00', NULL),
('1400444599889068034', '1395598166866391046', '1400444599767433217', '1400429529423429633 ', NULL, -1, 0, 0, '2021-06-08 08:00:00', NULL),
('1400444599889068035', '1395719564154142721', '1400444599767433217', '1400429529423429633 ', NULL, -1, 0, 0, '2021-06-08 08:00:00', NULL),
('1400444718667563009', '1376866579060486145', '1400444718642397186', '1400430443345494017 ', NULL, -1, 0, 0, '2021-06-08 08:00:00', NULL),
('1400444718675951617', '1376870881904656385', '1400444718642397186', '1400430443345494017 ', 'C.共享服务', 100, 1, 0, '2021-06-08 08:00:00', '2021-06-03 21:50:31'),
('1400444718684340226', '1395574991369555969', '1400444718642397186', '1400430443345494017 ', NULL, -1, 0, 0, '2021-06-08 08:00:00', NULL),
('1400444718684340227', '1376876729053835266', '1400444718642397186', '1400430443345494017 ', NULL, -1, 0, 0, '2021-06-08 08:00:00', NULL),
('1400444718688534529', '1395596191508590594', '1400444718642397186', '1400430443345494017 ', NULL, -1, 0, 0, '2021-06-08 08:00:00', NULL),
('1400444718688534530', '1395596191508590595', '1400444718642397186', '1400430443345494017 ', NULL, -1, 0, 0, '2021-06-08 08:00:00', NULL),
('1400444718696923137', '1395596191508590596', '1400444718642397186', '1400430443345494017 ', NULL, -1, 0, 0, '2021-06-08 08:00:00', NULL),
('1400444718696923138', '1395596191554727937', '1400444718642397186', '1400430443345494017 ', NULL, -1, 0, 0, '2021-06-08 08:00:00', NULL),
('1400444718705311746', '1395596191554727938', '1400444718642397186', '1400430443345494017 ', NULL, -1, 0, 0, '2021-06-08 08:00:00', NULL),
('1400444718705311747', '1395596191554727939', '1400444718642397186', '1400430443345494017 ', NULL, -1, 0, 0, '2021-06-08 08:00:00', NULL),
('1400444718713700354', '1395596191554727940', '1400444718642397186', '1400430443345494017 ', NULL, -1, 0, 0, '2021-06-08 08:00:00', NULL),
('1400444718713700355', '1395596191554727941', '1400444718642397186', '1400430443345494017 ', NULL, -1, 0, 0, '2021-06-08 08:00:00', NULL),
('1400444718722088961', '1395596191554727942', '1400444718642397186', '1400430443345494017 ', NULL, -1, 0, 0, '2021-06-08 08:00:00', NULL),
('1400444718722088962', '1395596191554727943', '1400444718642397186', '1400430443345494017 ', NULL, -1, 0, 0, '2021-06-08 08:00:00', NULL),
('1400444718730477569', '1395596191621836801', '1400444718642397186', '1400430443345494017 ', NULL, -1, 0, 0, '2021-06-08 08:00:00', NULL),
('1400444718738866177', '1395598166803476482', '1400444718642397186', '1400430443345494017 ', NULL, -1, 0, 0, '2021-06-08 08:00:00', NULL),
('1400444718747254786', '1395598166803476483', '1400444718642397186', '1400430443345494017 ', NULL, -1, 0, 0, '2021-06-08 08:00:00', NULL),
('1400444718747254787', '1395598166803476484', '1400444718642397186', '1400430443345494017 ', NULL, -1, 0, 0, '2021-06-08 08:00:00', NULL),
('1400444718755643394', '1395598166866391041', '1400444718642397186', '1400430443345494017 ', NULL, -1, 0, 0, '2021-06-08 08:00:00', NULL),
('1400444718755643395', '1395598166866391042', '1400444718642397186', '1400430443345494017 ', NULL, -1, 0, 0, '2021-06-08 08:00:00', NULL),
('1400444718764032001', '1395598166866391043', '1400444718642397186', '1400430443345494017 ', NULL, -1, 0, 0, '2021-06-08 08:00:00', NULL),
('1400444718764032002', '1395598166866391044', '1400444718642397186', '1400430443345494017 ', NULL, -1, 0, 0, '2021-06-08 08:00:00', NULL),
('1400444718772420609', '1395598166866391045', '1400444718642397186', '1400430443345494017 ', NULL, -1, 0, 0, '2021-06-08 08:00:00', NULL),
('1400444718772420610', '1395598166866391046', '1400444718642397186', '1400430443345494017 ', NULL, -1, 0, 0, '2021-06-08 08:00:00', NULL),
('1400444718772420611', '1395719564154142721', '1400444718642397186', '1400430443345494017 ', NULL, -1, 0, 0, '2021-06-08 08:00:00', NULL),
('1400444788326563841', '1376866579060486145', '1400444788313980929', '1400431298517942274 ', NULL, -1, 0, 0, '2021-06-10 08:00:00', NULL),
('1400444788334952450', '1376870881904656385', '1400444788313980929', '1400431298517942274 ', '非硬件成分、程序、数据', 100, 1, 0, '2021-06-10 08:00:00', '2021-06-03 21:50:51'),
('1400444788339146753', '1395574991369555969', '1400444788313980929', '1400431298517942274 ', NULL, -1, 0, 0, '2021-06-10 08:00:00', NULL),
('1400444788339146754', '1376876729053835266', '1400444788313980929', '1400431298517942274 ', NULL, -1, 0, 0, '2021-06-10 08:00:00', NULL),
('1400444788347535361', '1395596191508590594', '1400444788313980929', '1400431298517942274 ', NULL, -1, 0, 0, '2021-06-10 08:00:00', NULL),
('1400444788347535362', '1395596191508590595', '1400444788313980929', '1400431298517942274 ', NULL, -1, 0, 0, '2021-06-10 08:00:00', NULL),
('1400444788364312578', '1395596191508590596', '1400444788313980929', '1400431298517942274 ', NULL, -1, 0, 0, '2021-06-10 08:00:00', NULL),
('1400444788372701186', '1395596191554727937', '1400444788313980929', '1400431298517942274 ', NULL, -1, 0, 0, '2021-06-10 08:00:00', NULL),
('1400444788372701187', '1395596191554727938', '1400444788313980929', '1400431298517942274 ', NULL, -1, 0, 0, '2021-06-10 08:00:00', NULL),
('1400444788381089793', '1395596191554727939', '1400444788313980929', '1400431298517942274 ', NULL, -1, 0, 0, '2021-06-10 08:00:00', NULL),
('1400444788381089794', '1395596191554727940', '1400444788313980929', '1400431298517942274 ', NULL, -1, 0, 0, '2021-06-10 08:00:00', NULL),
('1400444788389478401', '1395596191554727941', '1400444788313980929', '1400431298517942274 ', NULL, -1, 0, 0, '2021-06-10 08:00:00', NULL),
('1400444788389478402', '1395596191554727942', '1400444788313980929', '1400431298517942274 ', NULL, -1, 0, 0, '2021-06-10 08:00:00', NULL),
('1400444788389478403', '1395596191554727943', '1400444788313980929', '1400431298517942274 ', NULL, -1, 0, 0, '2021-06-10 08:00:00', NULL),
('1400444788397867009', '1395596191621836801', '1400444788313980929', '1400431298517942274 ', NULL, -1, 0, 0, '2021-06-10 08:00:00', NULL),
('1400444788402061314', '1395598166803476482', '1400444788313980929', '1400431298517942274 ', NULL, -1, 0, 0, '2021-06-10 08:00:00', NULL),
('1400444788402061315', '1395598166803476483', '1400444788313980929', '1400431298517942274 ', NULL, -1, 0, 0, '2021-06-10 08:00:00', NULL),
('1400444788410449922', '1395598166803476484', '1400444788313980929', '1400431298517942274 ', NULL, -1, 0, 0, '2021-06-10 08:00:00', NULL),
('1400444788410449923', '1395598166866391041', '1400444788313980929', '1400431298517942274 ', NULL, -1, 0, 0, '2021-06-10 08:00:00', NULL),
('1400444788410449924', '1395598166866391042', '1400444788313980929', '1400431298517942274 ', NULL, -1, 0, 0, '2021-06-10 08:00:00', NULL),
('1400444788418838529', '1395598166866391043', '1400444788313980929', '1400431298517942274 ', NULL, -1, 0, 0, '2021-06-10 08:00:00', NULL),
('1400444788418838530', '1395598166866391044', '1400444788313980929', '1400431298517942274 ', NULL, -1, 0, 0, '2021-06-10 08:00:00', NULL),
('1400444788418838531', '1395598166866391045', '1400444788313980929', '1400431298517942274 ', NULL, -1, 0, 0, '2021-06-10 08:00:00', NULL),
('1400444788427227137', '1395598166866391046', '1400444788313980929', '1400431298517942274 ', NULL, -1, 0, 0, '2021-06-10 08:00:00', NULL),
('1400444788435615745', '1395719564154142721', '1400444788313980929', '1400431298517942274 ', NULL, -1, 0, 0, '2021-06-10 08:00:00', NULL),
('1401566103259353091', '1401562818913800193', '1401566103028666369', '1400443195069857794 ', NULL, -1, 0, 0, '2021-06-12 08:00:00', NULL),
('1401566103259353090', '1401562818922188802', '1401566103028666369', '1400443195069857794 ', NULL, -1, 0, 0, '2021-06-12 08:00:00', NULL),
('1401566103250964482', '1401562818930577409', '1401566103028666369', '1400443195069857794 ', NULL, -1, 0, 0, '2021-06-12 08:00:00', NULL),
('1401566103242575874', '1401562818938966017', '1401566103028666369', '1400443195069857794 ', NULL, -1, 0, 0, '2021-06-12 08:00:00', NULL),
('1401566103234187266', '1401562818947354625', '1401566103028666369', '1400443195069857794 ', NULL, -1, 0, 0, '2021-06-12 08:00:00', NULL),
('1401566103234187265', '1395719564154142721', '1401566103028666369', '1400443195069857794 ', NULL, -1, 0, 0, '2021-06-12 08:00:00', NULL),
('1401566103217410049', '1395598166866391046', '1401566103028666369', '1400443195069857794 ', NULL, -1, 0, 0, '2021-06-12 08:00:00', NULL),
('1401566103209021442', '1395598166866391045', '1401566103028666369', '1400443195069857794 ', NULL, -1, 0, 0, '2021-06-12 08:00:00', NULL),
('1401566103200632835', '1395598166866391044', '1401566103028666369', '1400443195069857794 ', NULL, -1, 0, 0, '2021-06-12 08:00:00', NULL),
('1401566103200632834', '1395598166866391043', '1401566103028666369', '1400443195069857794 ', NULL, -1, 0, 0, '2021-06-12 08:00:00', NULL),
('1401566103192244227', '1395598166866391042', '1401566103028666369', '1400443195069857794 ', NULL, -1, 0, 0, '2021-06-12 08:00:00', NULL),
('1401566103192244226', '1395598166866391041', '1401566103028666369', '1400443195069857794 ', NULL, -1, 0, 0, '2021-06-12 08:00:00', NULL),
('1401566103183855619', '1395598166803476484', '1401566103028666369', '1400443195069857794 ', NULL, -1, 0, 0, '2021-06-12 08:00:00', NULL),
('1401566103183855618', '1395598166803476483', '1401566103028666369', '1400443195069857794 ', NULL, -1, 0, 0, '2021-06-12 08:00:00', NULL),
('1401566103175467010', '1395598166803476482', '1401566103028666369', '1400443195069857794 ', NULL, -1, 0, 0, '2021-06-12 08:00:00', NULL),
('1401566103175467009', '1395596191621836801', '1401566103028666369', '1400443195069857794 ', NULL, -1, 0, 0, '2021-06-12 08:00:00', NULL),
('1401566103167078402', '1395596191554727943', '1401566103028666369', '1400443195069857794 ', NULL, -1, 0, 0, '2021-06-12 08:00:00', NULL),
('1401566103167078401', '1395596191554727942', '1401566103028666369', '1400443195069857794 ', NULL, -1, 0, 0, '2021-06-12 08:00:00', NULL),
('1401566103158689794', '1395596191554727941', '1401566103028666369', '1400443195069857794 ', NULL, -1, 0, 0, '2021-06-12 08:00:00', NULL),
('1401566103150301187', '1395596191554727940', '1401566103028666369', '1400443195069857794 ', NULL, -1, 0, 0, '2021-06-12 08:00:00', NULL),
('1401566103150301186', '1395596191554727939', '1401566103028666369', '1400443195069857794 ', NULL, -1, 0, 0, '2021-06-12 08:00:00', NULL),
('1401566103141912577', '1395596191554727938', '1401566103028666369', '1400443195069857794 ', NULL, -1, 0, 0, '2021-06-12 08:00:00', NULL),
('1401566103133523970', '1395596191554727937', '1401566103028666369', '1400443195069857794 ', NULL, -1, 0, 0, '2021-06-12 08:00:00', NULL),
('1401566103125135363', '1395596191508590596', '1401566103028666369', '1400443195069857794 ', NULL, -1, 0, 0, '2021-06-12 08:00:00', NULL),
('1401566103125135362', '1395596191508590595', '1401566103028666369', '1400443195069857794 ', NULL, -1, 0, 0, '2021-06-12 08:00:00', NULL),
('1401566103120941058', '1395596191508590594', '1401566103028666369', '1400443195069857794 ', NULL, -1, 0, 0, '2021-06-12 08:00:00', NULL),
('1401566103112552450', '1401562818905411587', '1401566103028666369', '1400443195069857794 ', NULL, -1, 0, 0, '2021-06-12 08:00:00', NULL),
('1401566103112552449', '1401562818905411586', '1401566103028666369', '1400443195069857794 ', NULL, -1, 0, 0, '2021-06-12 08:00:00', NULL),
('1401566103104163841', '1376876729053835266', '1401566103028666369', '1400443195069857794 ', NULL, -1, 0, 0, '2021-06-12 08:00:00', NULL),
('1401566103095775233', '1401562818955743233', '1401566103028666369', '1400443195069857794 ', NULL, -1, 0, 0, '2021-06-12 08:00:00', NULL),
('1401566103078998018', '1401562818964131842', '1401566103028666369', '1400443195069857794 ', NULL, -1, 0, 0, '2021-06-12 08:00:00', NULL),
('1401566103070609410', '1401564222751543298', '1401566103028666369', '1400443195069857794 ', NULL, -1, 0, 0, '2021-06-12 08:00:00', NULL),
('1401566103062220803', '1401564222776709121', '1401566103028666369', '1400443195069857794 ', NULL, -1, 0, 0, '2021-06-12 08:00:00', NULL),
('1401566103062220802', '1395574991369555969', '1401566103028666369', '1400443195069857794 ', NULL, -1, 0, 0, '2021-06-12 08:00:00', NULL),
('1401566103053832195', '1376870881904656385', '1401566103028666369', '1400443195069857794 ', '不清楚下来学习', 0, 1, 0, '2021-06-12 08:00:00', '2021-06-06 23:50:12'),
('1401566103053832194', '1376866579060486145', '1401566103028666369', '1400443195069857794 ', NULL, -1, 0, 0, '2021-06-12 08:00:00', NULL);

-- --------------------------------------------------------

--
-- 表的结构 `stu_summary`
--

DROP TABLE IF EXISTS `stu_summary`;
CREATE TABLE IF NOT EXISTS `stu_summary` (
  `id` char(19) NOT NULL COMMENT '学生-总结关系表',
  `stu_id` char(19) NOT NULL COMMENT '学生id',
  `summary_id` char(19) NOT NULL COMMENT '总结id',
  `content` varchar(500) DEFAULT NULL COMMENT '总结内容',
  `finish` tinyint(1) NOT NULL DEFAULT 0 COMMENT '是否完成',
  `score` int(10) NOT NULL DEFAULT -1 COMMENT '总结得分',
  `gmt_finish` datetime DEFAULT NULL COMMENT '完成时间',
  `gmt_deadline` datetime NOT NULL DEFAULT current_timestamp() COMMENT '截止日期',
  PRIMARY KEY (`id`)
) ENGINE=MyISAM DEFAULT CHARSET=utf8;

--
-- 转存表中的数据 `stu_summary`
--

INSERT INTO `stu_summary` (`id`, `stu_id`, `summary_id`, `content`, `finish`, `score`, `gmt_finish`, `gmt_deadline`) VALUES
('1400476653875912707', '1395596191554727941', '1400476653771055106', NULL, 0, -1, NULL, '2021-05-06 23:12:16'),
('1400476653884301313', '1395596191554727942', '1400476653771055106', NULL, 0, -1, NULL, '2021-05-06 23:12:16'),
('1400476653892689922', '1395596191554727943', '1400476653771055106', NULL, 0, -1, NULL, '2021-05-06 23:12:16'),
('1400476653901078529', '1395596191621836801', '1400476653771055106', NULL, 0, -1, NULL, '2021-05-06 23:12:16'),
('1400476653943021569', '1395598166866391044', '1400476653771055106', NULL, 0, -1, NULL, '2021-05-06 23:12:16'),
('1400476653938827266', '1395598166866391043', '1400476653771055106', NULL, 0, -1, NULL, '2021-05-06 23:12:16'),
('1400476653934632962', '1395598166866391042', '1400476653771055106', NULL, 0, -1, NULL, '2021-05-06 23:12:16'),
('1400476653926244354', '1395598166866391041', '1400476653771055106', NULL, 0, -1, NULL, '2021-05-06 23:12:16'),
('1400476653917855745', '1395598166803476484', '1400476653771055106', NULL, 0, -1, NULL, '2021-05-06 23:12:16'),
('1400476653913661442', '1395598166803476483', '1400476653771055106', NULL, 0, -1, NULL, '2021-05-06 23:12:16'),
('1400476653905272833', '1395598166803476482', '1400476653771055106', NULL, 0, -1, NULL, '2021-05-06 23:12:16'),
('1400476653875912706', '1395596191554727940', '1400476653771055106', NULL, 0, -1, NULL, '2021-05-06 23:12:16'),
('1400476653863329794', '1395596191554727939', '1400476653771055106', NULL, 0, -1, NULL, '2021-05-06 23:12:16'),
('1400476653854941185', '1395596191554727938', '1400476653771055106', NULL, 0, -1, NULL, '2021-05-06 23:12:16'),
('1400476653846552579', '1395596191554727937', '1400476653771055106', NULL, 0, -1, NULL, '2021-05-06 23:12:16'),
('1400476653846552578', '1395596191508590596', '1400476653771055106', NULL, 0, -1, NULL, '2021-05-06 23:12:16'),
('1400476653842358273', '1395596191508590595', '1400476653771055106', NULL, 0, -1, NULL, '2021-05-06 23:12:16'),
('1400476653833969666', '1395596191508590594', '1400476653771055106', NULL, 0, -1, NULL, '2021-05-06 23:12:16'),
('1400476653825581057', '1376876729053835266', '1400476653771055106', NULL, 0, -1, NULL, '2021-05-06 23:12:16'),
('1400476653817192449', '1395574991369555969', '1400476653771055106', NULL, 0, -1, NULL, '2021-05-06 23:12:16'),
('1400476653808803843', '1376870881904656385', '1400476653771055106', '我给自己的评分为：3。 完成了前后端系统开发，不过有很多bug没有完善', 1, 68, '2021-06-04 19:18:53', '2021-05-06 23:12:16'),
('1400476653808803842', '1376866579060486145', '1400476653771055106', NULL, 0, -1, NULL, '2021-05-06 23:12:16'),
('1401566267436994563', '1401562818930577409', '1401566267239862274', NULL, 0, -1, NULL, '2021-06-13 23:46:52'),
('1401566267445383170', '1401562818922188802', '1401566267239862274', NULL, 0, -1, NULL, '2021-06-13 23:46:52'),
('1400470829984145410', '1395719564154142721', '1400470829820567553', NULL, 0, -1, NULL, '2021-05-13 23:12:16'),
('1400470829975756802', '1395598166866391046', '1400470829820567553', NULL, 0, -1, NULL, '2021-05-13 23:12:16'),
('1400470829967368195', '1395598166866391045', '1400470829820567553', NULL, 0, -1, NULL, '2021-05-13 23:12:16'),
('1400470829967368194', '1395598166866391044', '1400470829820567553', NULL, 0, -1, NULL, '2021-05-13 23:12:16'),
('1400470829958979585', '1395598166866391043', '1400470829820567553', NULL, 0, -1, NULL, '2021-05-13 23:12:16'),
('1400470829942202369', '1395598166803476484', '1400470829820567553', NULL, 0, -1, NULL, '2021-05-13 23:12:16'),
('1400470829950590977', '1395598166866391041', '1400470829820567553', NULL, 0, -1, NULL, '2021-05-13 23:12:16'),
('1400470829950590978', '1395598166866391042', '1400470829820567553', NULL, 0, -1, NULL, '2021-05-13 23:12:16'),
('1400470829933813761', '1395598166803476483', '1400470829820567553', NULL, 0, -1, NULL, '2021-05-13 23:12:16'),
('1400470829929619458', '1395598166803476482', '1400470829820567553', NULL, 0, -1, NULL, '2021-05-13 23:12:16'),
('1400470829921230850', '1395596191621836801', '1400470829820567553', NULL, 0, -1, NULL, '2021-05-13 23:12:16'),
('1400470829912842243', '1395596191554727943', '1400470829820567553', NULL, 0, -1, NULL, '2021-05-13 23:12:16'),
('1400470829912842242', '1395596191554727942', '1400470829820567553', NULL, 0, -1, NULL, '2021-05-13 23:12:16'),
('1400470829904453635', '1395596191554727941', '1400470829820567553', NULL, 0, -1, NULL, '2021-05-13 23:12:16'),
('1400470829904453634', '1395596191554727940', '1400470829820567553', NULL, 0, -1, NULL, '2021-05-13 23:12:16'),
('1400470829896065026', '1395596191554727939', '1400470829820567553', NULL, 0, -1, NULL, '2021-05-13 23:12:16'),
('1400470829896065025', '1395596191554727938', '1400470829820567553', NULL, 0, -1, NULL, '2021-05-13 23:12:16'),
('1400470829887676419', '1395596191554727937', '1400470829820567553', NULL, 0, -1, NULL, '2021-05-13 23:12:16'),
('1400470829887676418', '1395596191508590596', '1400470829820567553', NULL, 0, -1, NULL, '2021-05-13 23:12:16'),
('1400470829879287810', '1395596191508590595', '1400470829820567553', NULL, 0, -1, NULL, '2021-05-13 23:12:16'),
('1400470829875093506', '1395596191508590594', '1400470829820567553', NULL, 0, -1, NULL, '2021-05-13 23:12:16'),
('1400470829866704898', '1376876729053835266', '1400470829820567553', NULL, 0, -1, NULL, '2021-05-13 23:12:16'),
('1400470829858316291', '1395574991369555969', '1400470829820567553', NULL, 0, -1, NULL, '2021-05-13 23:12:16'),
('1400470829858316290', '1376870881904656385', '1400470829820567553', '我给自己的评分为：5。 本周学习了系统开发，感觉很不错', 1, 89, '2021-06-04 19:18:38', '2021-05-13 23:12:16'),
('1400470829841539073', '1376866579060486145', '1400470829820567553', NULL, 0, -1, NULL, '2021-05-13 23:12:16'),
('1400470767547736066', '1395719564154142721', '1400470767413518338', NULL, 0, -1, NULL, '2021-05-20 23:12:16'),
('1400470767547736065', '1395598166866391046', '1400470767413518338', NULL, 0, -1, NULL, '2021-05-20 23:12:16'),
('1400470767539347458', '1395598166866391045', '1400470767413518338', NULL, 0, -1, NULL, '2021-05-20 23:12:16'),
('1400470767539347457', '1395598166866391044', '1400470767413518338', NULL, 0, -1, NULL, '2021-05-20 23:12:16'),
('1400470767530958850', '1395598166866391043', '1400470767413518338', NULL, 0, -1, NULL, '2021-05-20 23:12:16'),
('1400470767522570242', '1395598166866391041', '1400470767413518338', NULL, 0, -1, NULL, '2021-05-20 23:12:16'),
('1400470767522570241', '1395598166803476484', '1400470767413518338', NULL, 0, -1, NULL, '2021-05-20 23:12:16'),
('1400470767514181634', '1395598166803476483', '1400470767413518338', NULL, 0, -1, NULL, '2021-05-20 23:12:16'),
('1400470767505793027', '1395598166803476482', '1400470767413518338', NULL, 0, -1, NULL, '2021-05-20 23:12:16'),
('1400470767505793026', '1395596191621836801', '1400470767413518338', NULL, 0, -1, NULL, '2021-05-20 23:12:16'),
('1400470767497404419', '1395596191554727943', '1400470767413518338', NULL, 0, -1, NULL, '2021-05-20 23:12:16'),
('1400470767497404418', '1395596191554727942', '1400470767413518338', NULL, 0, -1, NULL, '2021-05-20 23:12:16'),
('1400470767489015810', '1395596191554727941', '1400470767413518338', NULL, 0, -1, NULL, '2021-05-20 23:12:16'),
('1400470767489015809', '1395596191554727940', '1400470767413518338', NULL, 0, -1, NULL, '2021-05-20 23:12:16'),
('1400470767480627203', '1395596191554727939', '1400470767413518338', NULL, 0, -1, NULL, '2021-05-20 23:12:16'),
('1400470767480627202', '1395596191554727938', '1400470767413518338', NULL, 0, -1, NULL, '2021-05-20 23:12:16'),
('1400470767472238593', '1395596191508590596', '1400470767413518338', NULL, 0, -1, NULL, '2021-05-20 23:12:16'),
('1400470767463849985', '1395596191508590595', '1400470767413518338', NULL, 0, -1, NULL, '2021-05-20 23:12:16'),
('1400470767455461378', '1395596191508590594', '1400470767413518338', NULL, 0, -1, NULL, '2021-05-20 23:12:16'),
('1400470767455461377', '1376876729053835266', '1400470767413518338', NULL, 0, -1, NULL, '2021-05-20 23:12:16'),
('1400470767447072770', '1395574991369555969', '1400470767413518338', NULL, 0, -1, NULL, '2021-05-20 23:12:16'),
('1400470767438684162', '1376870881904656385', '1400470767413518338', '我给自己的评分为：4。 本周完成了论文编写，我要毕业啦', 1, 82, '2021-06-04 19:17:59', '2021-05-20 23:12:16'),
('1400470767438684161', '1376866579060486145', '1400470767413518338', NULL, 0, -1, NULL, '2021-05-20 23:12:16'),
('1400470717014761473', '1395719564154142721', '1400470716855377922', NULL, 0, -1, NULL, '2021-05-27 23:12:16'),
('1400470717006372866', '1395598166866391046', '1400470716855377922', NULL, 0, -1, NULL, '2021-05-27 23:12:16'),
('1400470717006372865', '1395598166866391045', '1400470716855377922', NULL, 0, -1, NULL, '2021-05-27 23:12:16'),
('1400470716997984258', '1395598166866391044', '1400470716855377922', NULL, 0, -1, NULL, '2021-05-27 23:12:16'),
('1400470716997984257', '1395598166866391043', '1400470716855377922', NULL, 0, -1, NULL, '2021-05-27 23:12:16'),
('1400470716989595649', '1395598166866391041', '1400470716855377922', NULL, 0, -1, NULL, '2021-05-27 23:12:16'),
('1400470716985401346', '1395598166803476484', '1400470716855377922', NULL, 0, -1, NULL, '2021-05-27 23:12:16'),
('1400470716985401345', '1395598166803476483', '1400470716855377922', NULL, 0, -1, NULL, '2021-05-27 23:12:16'),
('1400470716977012738', '1395598166803476482', '1400470716855377922', NULL, 0, -1, NULL, '2021-05-27 23:12:16'),
('1400470716977012737', '1395596191621836801', '1400470716855377922', NULL, 0, -1, NULL, '2021-05-27 23:12:16'),
('1400470716968624129', '1395596191554727943', '1400470716855377922', NULL, 0, -1, NULL, '2021-05-27 23:12:16'),
('1400470716964429825', '1395596191554727942', '1400470716855377922', NULL, 0, -1, NULL, '2021-05-27 23:12:16'),
('1400470716956041219', '1395596191554727941', '1400470716855377922', NULL, 0, -1, NULL, '2021-05-27 23:12:16'),
('1400470716956041218', '1395596191554727940', '1400470716855377922', NULL, 0, -1, NULL, '2021-05-27 23:12:16'),
('1400470716947652609', '1395596191554727939', '1400470716855377922', NULL, 0, -1, NULL, '2021-05-27 23:12:16'),
('1400470716943458305', '1395596191554727938', '1400470716855377922', NULL, 0, -1, NULL, '2021-05-27 23:12:16'),
('1400470716935069698', '1395596191508590596', '1400470716855377922', NULL, 0, -1, NULL, '2021-05-27 23:12:16'),
('1400470716926681090', '1395596191508590595', '1400470716855377922', NULL, 0, -1, NULL, '2021-05-27 23:12:16'),
('1400470716918292481', '1395596191508590594', '1400470716855377922', NULL, 0, -1, NULL, '2021-05-27 23:12:16'),
('1400470716909903873', '1376876729053835266', '1400470716855377922', NULL, 0, -1, NULL, '2021-05-27 23:12:16'),
('1400470716905709570', '1395574991369555969', '1400470716855377922', NULL, 0, -1, NULL, '2021-05-27 23:12:16'),
('1400470716897320961', '1376870881904656385', '1400470716855377922', '我给自己的评分为：3。 本周完成了系统的前端开发，效果不太好', 1, 75, '2021-06-04 19:14:11', '2021-05-27 23:12:16'),
('1400470716880543746', '1376866579060486145', '1400470716855377922', NULL, 0, -1, NULL, '2021-05-27 23:12:16'),
('1400470666368540673', '1395719564154142721', '1400470666230128642', NULL, 0, -1, NULL, '2021-06-03 23:12:16'),
('1400470666360152067', '1395598166866391046', '1400470666230128642', NULL, 0, -1, NULL, '2021-06-03 23:12:16'),
('1400470666360152066', '1395598166866391045', '1400470666230128642', NULL, 0, -1, NULL, '2021-06-03 23:12:16'),
('1400470666351763457', '1395598166866391044', '1400470666230128642', NULL, 0, -1, NULL, '2021-06-03 23:12:16'),
('1400470666343374849', '1395598166866391042', '1400470666230128642', NULL, 0, -1, NULL, '2021-06-03 23:12:16'),
('1400470666334986242', '1395598166866391041', '1400470666230128642', NULL, 0, -1, NULL, '2021-06-03 23:12:16'),
('1400470666334986241', '1395598166803476484', '1400470666230128642', NULL, 0, -1, NULL, '2021-06-03 23:12:16'),
('1400470666326597635', '1395598166803476483', '1400470666230128642', NULL, 0, -1, NULL, '2021-06-03 23:12:16'),
('1400470666326597634', '1395598166803476482', '1400470666230128642', NULL, 0, -1, NULL, '2021-06-03 23:12:16'),
('1400470666318209026', '1395596191621836801', '1400470666230128642', NULL, 0, -1, NULL, '2021-06-03 23:12:16'),
('1400470666318209025', '1395596191554727943', '1400470666230128642', NULL, 0, -1, NULL, '2021-06-03 23:12:16'),
('1400470666309820417', '1395596191554727942', '1400470666230128642', NULL, 0, -1, NULL, '2021-06-03 23:12:16'),
('1400470666301431811', '1395596191554727941', '1400470666230128642', NULL, 0, -1, NULL, '2021-06-03 23:12:16'),
('1400470666301431810', '1395596191554727940', '1400470666230128642', NULL, 0, -1, NULL, '2021-06-03 23:12:16'),
('1400470666293043202', '1395596191554727939', '1400470666230128642', NULL, 0, -1, NULL, '2021-06-03 23:12:16'),
('1400470666284654593', '1395596191554727937', '1400470666230128642', NULL, 0, -1, NULL, '2021-06-03 23:12:16'),
('1400470666276265987', '1395596191508590596', '1400470666230128642', NULL, 0, -1, NULL, '2021-06-03 23:12:16'),
('1400470666276265986', '1395596191508590595', '1400470666230128642', NULL, 0, -1, NULL, '2021-06-03 23:12:16'),
('1400470666272071681', '1395596191508590594', '1400470666230128642', NULL, 0, -1, NULL, '2021-06-03 23:12:16'),
('1400470666263683075', '1376876729053835266', '1400470666230128642', NULL, 0, -1, NULL, '2021-06-03 23:12:16'),
('1400470666263683074', '1395574991369555969', '1400470666230128642', NULL, 0, -1, NULL, '2021-06-03 23:12:16'),
('1400470666255294465', '1376870881904656385', '1400470666230128642', '我给自己的评分为：4。 本周完成后端接口的开发，效果很不错，还完成了测试', 1, 98, '2021-06-03 23:34:34', '2021-06-03 23:12:16'),
('1400470666246905857', '1376866579060486145', '1400470666230128642', NULL, 0, -1, NULL, '2021-06-03 23:12:16'),
('1401566267436994562', '1401562818938966017', '1401566267239862274', NULL, 0, -1, NULL, '2021-06-13 23:46:52'),
('1401566267428605955', '1401562818947354625', '1401566267239862274', NULL, 0, -1, NULL, '2021-06-13 23:46:52'),
('1401566267428605954', '1395719564154142721', '1401566267239862274', NULL, 0, -1, NULL, '2021-06-13 23:46:52'),
('1401566267420217347', '1395598166866391046', '1401566267239862274', NULL, 0, -1, NULL, '2021-06-13 23:46:52'),
('1401566267420217346', '1395598166866391045', '1401566267239862274', NULL, 0, -1, NULL, '2021-06-13 23:46:52'),
('1401566267411828738', '1395598166866391044', '1401566267239862274', NULL, 0, -1, NULL, '2021-06-13 23:46:52'),
('1401566267403440130', '1395598166866391043', '1401566267239862274', NULL, 0, -1, NULL, '2021-06-13 23:46:52'),
('1401566267403440129', '1395598166866391042', '1401566267239862274', NULL, 0, -1, NULL, '2021-06-13 23:46:52'),
('1401566267395051522', '1395598166866391041', '1401566267239862274', NULL, 0, -1, NULL, '2021-06-13 23:46:52'),
('1401566267395051521', '1395598166803476484', '1401566267239862274', NULL, 0, -1, NULL, '2021-06-13 23:46:52'),
('1401566267386662913', '1395598166803476483', '1401566267239862274', NULL, 0, -1, NULL, '2021-06-13 23:46:52'),
('1401566267378274305', '1395598166803476482', '1401566267239862274', NULL, 0, -1, NULL, '2021-06-13 23:46:52'),
('1401566267361497089', '1395596191554727942', '1401566267239862274', NULL, 0, -1, NULL, '2021-06-13 23:46:52'),
('1401566267369885697', '1395596191621836801', '1401566267239862274', NULL, 0, -1, NULL, '2021-06-13 23:46:52'),
('1400470767530958849', '1395598166866391042', '1400470767413518338', NULL, 0, -1, NULL, '2021-05-20 23:12:16'),
('1400470767472238594', '1395596191554727937', '1400470767413518338', NULL, 0, -1, NULL, '2021-05-20 23:12:16'),
('1400470716989595650', '1395598166866391042', '1400470716855377922', NULL, 0, -1, NULL, '2021-05-27 23:12:16'),
('1400470716935069699', '1395596191554727937', '1400470716855377922', NULL, 0, -1, NULL, '2021-05-27 23:12:16'),
('1400470666343374850', '1395598166866391043', '1400470666230128642', NULL, 0, -1, NULL, '2021-06-03 23:12:16'),
('1400470666293043201', '1395596191554727938', '1400470666230128642', NULL, 0, -1, NULL, '2021-06-03 23:12:16'),
('1401566267361497090', '1395596191554727943', '1401566267239862274', NULL, 0, -1, NULL, '2021-06-13 23:46:52'),
('1401566267357302785', '1395596191554727941', '1401566267239862274', NULL, 0, -1, NULL, '2021-06-13 23:46:52'),
('1401566267348914177', '1395596191554727940', '1401566267239862274', NULL, 0, -1, NULL, '2021-06-13 23:46:52'),
('1401566267340525569', '1395596191554727939', '1401566267239862274', NULL, 0, -1, NULL, '2021-06-13 23:46:52'),
('1401566267332136962', '1395596191554727938', '1401566267239862274', NULL, 0, -1, NULL, '2021-06-13 23:46:52'),
('1401566267323748354', '1395596191554727937', '1401566267239862274', NULL, 0, -1, NULL, '2021-06-13 23:46:52'),
('1401566267306971139', '1395596191508590594', '1401566267239862274', NULL, 0, -1, NULL, '2021-06-13 23:46:52'),
('1401566267323748353', '1395596191508590596', '1401566267239862274', NULL, 0, -1, NULL, '2021-06-13 23:46:52'),
('1401566267315359745', '1395596191508590595', '1401566267239862274', NULL, 0, -1, NULL, '2021-06-13 23:46:52'),
('1401566267306971138', '1401562818905411587', '1401566267239862274', NULL, 0, -1, NULL, '2021-06-13 23:46:52'),
('1400476653951410178', '1395598166866391045', '1400476653771055106', NULL, 0, -1, NULL, '2021-05-06 23:12:16'),
('1400476653951410179', '1395598166866391046', '1400476653771055106', NULL, 0, -1, NULL, '2021-05-06 23:12:16'),
('1400476653959798786', '1395719564154142721', '1400476653771055106', NULL, 0, -1, NULL, '2021-05-06 23:12:16'),
('1400476709614018562', '1376866579060486145', '1400476709588852737', NULL, 0, -1, NULL, '2021-04-29 23:12:16'),
('1400476709622407169', '1376870881904656385', '1400476709588852737', '我给自己的评分为：5。 这周完成了前后台所有的开发，学到了很多东西', 1, 93, '2021-06-04 19:19:03', '2021-04-29 23:12:16'),
('1400476709622407170', '1395574991369555969', '1400476709588852737', NULL, 0, -1, NULL, '2021-04-29 23:12:16'),
('1400476709630795778', '1376876729053835266', '1400476709588852737', NULL, 0, -1, NULL, '2021-04-29 23:12:16'),
('1400476709639184386', '1395596191508590594', '1400476709588852737', NULL, 0, -1, NULL, '2021-04-29 23:12:16'),
('1400476709643378689', '1395596191508590595', '1400476709588852737', NULL, 0, -1, NULL, '2021-04-29 23:12:16'),
('1400476709651767298', '1395596191508590596', '1400476709588852737', NULL, 0, -1, NULL, '2021-04-29 23:12:16'),
('1400476709655961601', '1395596191554727937', '1400476709588852737', NULL, 0, -1, NULL, '2021-04-29 23:12:16'),
('1400476709664350210', '1395596191554727938', '1400476709588852737', NULL, 0, -1, NULL, '2021-04-29 23:12:16'),
('1400476709664350211', '1395596191554727939', '1400476709588852737', NULL, 0, -1, NULL, '2021-04-29 23:12:16'),
('1400476709672738817', '1395596191554727940', '1400476709588852737', NULL, 0, -1, NULL, '2021-04-29 23:12:16'),
('1400476709681127425', '1395596191554727941', '1400476709588852737', NULL, 0, -1, NULL, '2021-04-29 23:12:16'),
('1400476709681127426', '1395596191554727942', '1400476709588852737', NULL, 0, -1, NULL, '2021-04-29 23:12:16'),
('1400476709689516033', '1395596191554727943', '1400476709588852737', NULL, 0, -1, NULL, '2021-04-29 23:12:16'),
('1400476709693710337', '1395596191621836801', '1400476709588852737', NULL, 0, -1, NULL, '2021-04-29 23:12:16'),
('1400476709702098945', '1395598166803476482', '1400476709588852737', NULL, 0, -1, NULL, '2021-04-29 23:12:16'),
('1400476709702098946', '1395598166803476483', '1400476709588852737', NULL, 0, -1, NULL, '2021-04-29 23:12:16'),
('1400476709710487554', '1395598166803476484', '1400476709588852737', NULL, 0, -1, NULL, '2021-04-29 23:12:16'),
('1400476709710487555', '1395598166866391041', '1400476709588852737', NULL, 0, -1, NULL, '2021-04-29 23:12:16'),
('1400476709718876161', '1395598166866391042', '1400476709588852737', NULL, 0, -1, NULL, '2021-04-29 23:12:16'),
('1400476709727264770', '1395598166866391043', '1400476709588852737', NULL, 0, -1, NULL, '2021-04-29 23:12:16'),
('1400476709735653378', '1395598166866391044', '1400476709588852737', NULL, 0, -1, NULL, '2021-04-29 23:12:16'),
('1400476709735653379', '1395598166866391045', '1400476709588852737', NULL, 0, -1, NULL, '2021-04-29 23:12:16'),
('1400476709744041986', '1395598166866391046', '1400476709588852737', NULL, 0, -1, NULL, '2021-04-29 23:12:16'),
('1400476709744041987', '1395719564154142721', '1400476709588852737', NULL, 0, -1, NULL, '2021-04-29 23:12:16'),
('1400476774189522945', '1376866579060486145', '1400476774160162817', NULL, 0, -1, NULL, '2021-04-22 23:12:16'),
('1400476774197911553', '1376870881904656385', '1400476774160162817', '我给自己的评分为：4。 这周做了额外功能的开发，感觉很不错', 1, 79, '2021-06-04 19:19:11', '2021-04-22 23:12:16'),
('1400476774206300162', '1395574991369555969', '1400476774160162817', NULL, 0, -1, NULL, '2021-04-22 23:12:16'),
('1400476774206300163', '1376876729053835266', '1400476774160162817', NULL, 0, -1, NULL, '2021-04-22 23:12:16'),
('1400476774210494465', '1395596191508590594', '1400476774160162817', NULL, 0, -1, NULL, '2021-04-22 23:12:16'),
('1400476774218883073', '1395596191508590595', '1400476774160162817', NULL, 0, -1, NULL, '2021-04-22 23:12:16'),
('1400476774227271682', '1395596191508590596', '1400476774160162817', NULL, 0, -1, NULL, '2021-04-22 23:12:16'),
('1400476774235660289', '1395596191554727937', '1400476774160162817', NULL, 0, -1, NULL, '2021-04-22 23:12:16'),
('1400476774244048898', '1395596191554727938', '1400476774160162817', NULL, 0, -1, NULL, '2021-04-22 23:12:16'),
('1400476774252437505', '1395596191554727939', '1400476774160162817', NULL, 0, -1, NULL, '2021-04-22 23:12:16'),
('1400476774260826113', '1395596191554727940', '1400476774160162817', NULL, 0, -1, NULL, '2021-04-22 23:12:16'),
('1400476774260826114', '1395596191554727941', '1400476774160162817', NULL, 0, -1, NULL, '2021-04-22 23:12:16'),
('1400476774269214722', '1395596191554727942', '1400476774160162817', NULL, 0, -1, NULL, '2021-04-22 23:12:16'),
('1400476774277603329', '1395596191554727943', '1400476774160162817', NULL, 0, -1, NULL, '2021-04-22 23:12:16'),
('1400476774277603330', '1395596191621836801', '1400476774160162817', NULL, 0, -1, NULL, '2021-04-22 23:12:16'),
('1400476774285991937', '1395598166803476482', '1400476774160162817', NULL, 0, -1, NULL, '2021-04-22 23:12:16'),
('1400476774285991938', '1395598166803476483', '1400476774160162817', NULL, 0, -1, NULL, '2021-04-22 23:12:16'),
('1400476774294380546', '1395598166803476484', '1400476774160162817', NULL, 0, -1, NULL, '2021-04-22 23:12:16'),
('1400476774302769153', '1395598166866391041', '1400476774160162817', NULL, 0, -1, NULL, '2021-04-22 23:12:16'),
('1400476774302769154', '1395598166866391042', '1400476774160162817', NULL, 0, -1, NULL, '2021-04-22 23:12:16'),
('1400476774315352066', '1395598166866391043', '1400476774160162817', NULL, 0, -1, NULL, '2021-04-22 23:12:16'),
('1400476774323740674', '1395598166866391044', '1400476774160162817', NULL, 0, -1, NULL, '2021-04-22 23:12:16'),
('1400476774323740675', '1395598166866391045', '1400476774160162817', NULL, 0, -1, NULL, '2021-04-22 23:12:16'),
('1400476774332129281', '1395598166866391046', '1400476774160162817', NULL, 0, -1, NULL, '2021-04-22 23:12:16'),
('1400476774340517889', '1395719564154142721', '1400476774160162817', NULL, 0, -1, NULL, '2021-04-22 23:12:16'),
('1400476814719082498', '1376866579060486145', '1400476814685528065', NULL, 0, -1, NULL, '2021-04-15 23:12:16'),
('1400476814735859713', '1376870881904656385', '1400476814685528065', '我给自己的评分为：4。 这周在开始撰写论文了，有很多东西新学习到', 1, 82, '2021-06-04 19:19:20', '2021-04-15 23:12:16'),
('1400476814744248321', '1395574991369555969', '1400476814685528065', NULL, 0, -1, NULL, '2021-04-15 23:12:16'),
('1400476814748442626', '1376876729053835266', '1400476814685528065', NULL, 0, -1, NULL, '2021-04-15 23:12:16'),
('1400476814765219842', '1395596191508590594', '1400476814685528065', NULL, 0, -1, NULL, '2021-04-15 23:12:16'),
('1400476814773608450', '1395596191508590595', '1400476814685528065', NULL, 0, -1, NULL, '2021-04-15 23:12:16'),
('1400476814781997058', '1395596191508590596', '1400476814685528065', NULL, 0, -1, NULL, '2021-04-15 23:12:16'),
('1400476814790385666', '1395596191554727937', '1400476814685528065', NULL, 0, -1, NULL, '2021-04-15 23:12:16'),
('1400476814798774273', '1395596191554727938', '1400476814685528065', NULL, 0, -1, NULL, '2021-04-15 23:12:16'),
('1400476814807162882', '1395596191554727939', '1400476814685528065', NULL, 0, -1, NULL, '2021-04-15 23:12:16'),
('1400476814815551490', '1395596191554727940', '1400476814685528065', NULL, 0, -1, NULL, '2021-04-15 23:12:16'),
('1400476814815551491', '1395596191554727941', '1400476814685528065', NULL, 0, -1, NULL, '2021-04-15 23:12:16'),
('1400476814823940098', '1395596191554727942', '1400476814685528065', NULL, 0, -1, NULL, '2021-04-15 23:12:16'),
('1400476814832328706', '1395596191554727943', '1400476814685528065', NULL, 0, -1, NULL, '2021-04-15 23:12:16'),
('1400476814832328707', '1395596191621836801', '1400476814685528065', NULL, 0, -1, NULL, '2021-04-15 23:12:16'),
('1400476814840717313', '1395598166803476482', '1400476814685528065', NULL, 0, -1, NULL, '2021-04-15 23:12:16'),
('1400476814840717314', '1395598166803476483', '1400476814685528065', NULL, 0, -1, NULL, '2021-04-15 23:12:16'),
('1400476814849105922', '1395598166803476484', '1400476814685528065', NULL, 0, -1, NULL, '2021-04-15 23:12:16'),
('1400476814857494529', '1395598166866391041', '1400476814685528065', NULL, 0, -1, NULL, '2021-04-15 23:12:16'),
('1400476814865883137', '1395598166866391042', '1400476814685528065', NULL, 0, -1, NULL, '2021-04-15 23:12:16'),
('1400476814865883138', '1395598166866391043', '1400476814685528065', NULL, 0, -1, NULL, '2021-04-15 23:12:16'),
('1400476814874271745', '1395598166866391044', '1400476814685528065', NULL, 0, -1, NULL, '2021-04-15 23:12:16'),
('1400476814882660354', '1395598166866391045', '1400476814685528065', NULL, 0, -1, NULL, '2021-04-15 23:12:16'),
('1400476814882660355', '1395598166866391046', '1400476814685528065', NULL, 0, -1, NULL, '2021-04-15 23:12:16'),
('1400476814891048962', '1395719564154142721', '1400476814685528065', NULL, 0, -1, NULL, '2021-04-15 23:12:16'),
('1400476838785998850', '1376866579060486145', '1400476838773415937', NULL, 0, -1, NULL, '2021-04-08 23:12:16'),
('1400476838794387457', '1376870881904656385', '1400476838773415937', '我给自己的评分为：5。 这周完成了开题报告，并修改', 1, 98, '2021-06-04 19:13:37', '2021-04-08 23:12:16'),
('1400476838802776066', '1395574991369555969', '1400476838773415937', NULL, 0, -1, NULL, '2021-04-08 23:12:16'),
('1400476838802776067', '1376876729053835266', '1400476838773415937', NULL, 0, -1, NULL, '2021-04-08 23:12:16'),
('1400476838811164674', '1395596191508590594', '1400476838773415937', NULL, 0, -1, NULL, '2021-04-08 23:12:16'),
('1400476838815358978', '1395596191508590595', '1400476838773415937', NULL, 0, -1, NULL, '2021-04-08 23:12:16'),
('1400476838823747586', '1395596191508590596', '1400476838773415937', NULL, 0, -1, NULL, '2021-04-08 23:12:16'),
('1400476838823747587', '1395596191554727937', '1400476838773415937', NULL, 0, -1, NULL, '2021-04-08 23:12:16'),
('1400476838832136194', '1395596191554727938', '1400476838773415937', NULL, 0, -1, NULL, '2021-04-08 23:12:16'),
('1400476838832136195', '1395596191554727939', '1400476838773415937', NULL, 0, -1, NULL, '2021-04-08 23:12:16'),
('1400476838840524802', '1395596191554727940', '1400476838773415937', NULL, 0, -1, NULL, '2021-04-08 23:12:16'),
('1400476838848913410', '1395596191554727941', '1400476838773415937', NULL, 0, -1, NULL, '2021-04-08 23:12:16'),
('1400476838848913411', '1395596191554727942', '1400476838773415937', NULL, 0, -1, NULL, '2021-04-08 23:12:16'),
('1400476838857302017', '1395596191554727943', '1400476838773415937', NULL, 0, -1, NULL, '2021-04-08 23:12:16'),
('1400476838857302018', '1395596191621836801', '1400476838773415937', NULL, 0, -1, NULL, '2021-04-08 23:12:16'),
('1400476838861496322', '1395598166803476482', '1400476838773415937', NULL, 0, -1, NULL, '2021-04-08 23:12:16'),
('1400476838861496323', '1395598166803476483', '1400476838773415937', NULL, 0, -1, NULL, '2021-04-08 23:12:16'),
('1400476838869884930', '1395598166803476484', '1400476838773415937', NULL, 0, -1, NULL, '2021-04-08 23:12:16'),
('1400476838869884931', '1395598166866391041', '1400476838773415937', NULL, 0, -1, NULL, '2021-04-08 23:12:16'),
('1400476838878273537', '1395598166866391042', '1400476838773415937', NULL, 0, -1, NULL, '2021-04-08 23:12:16'),
('1400476838878273538', '1395598166866391043', '1400476838773415937', NULL, 0, -1, NULL, '2021-04-08 23:12:16'),
('1400476838886662145', '1395598166866391044', '1400476838773415937', NULL, 0, -1, NULL, '2021-04-08 23:12:16'),
('1400476838895050754', '1395598166866391045', '1400476838773415937', NULL, 0, -1, NULL, '2021-04-08 23:12:16'),
('1400476838895050755', '1395598166866391046', '1400476838773415937', NULL, 0, -1, NULL, '2021-04-08 23:12:16'),
('1400476838903439361', '1395719564154142721', '1400476838773415937', NULL, 0, -1, NULL, '2021-04-08 23:12:16'),
('1400476906251378690', '1376866579060486145', '1400476906234601473', NULL, 0, -1, NULL, '2021-04-01 23:12:16'),
('1400476906259767297', '1376870881904656385', '1400476906234601473', '我给自己的评分为：2。 这周没怎么学习，找工作去了', 1, 64, '2021-06-04 19:20:00', '2021-04-01 23:12:16'),
('1400476906259767298', '1395574991369555969', '1400476906234601473', NULL, 0, -1, NULL, '2021-04-01 23:12:16'),
('1400476906268155906', '1376876729053835266', '1400476906234601473', NULL, 0, -1, NULL, '2021-04-01 23:12:16'),
('1400476906276544513', '1395596191508590594', '1400476906234601473', NULL, 0, -1, NULL, '2021-04-01 23:12:16'),
('1400476906276544514', '1395596191508590595', '1400476906234601473', NULL, 0, -1, NULL, '2021-04-01 23:12:16'),
('1400476906284933121', '1395596191508590596', '1400476906234601473', NULL, 0, -1, NULL, '2021-04-01 23:12:16'),
('1400476906293321730', '1395596191554727937', '1400476906234601473', NULL, 0, -1, NULL, '2021-04-01 23:12:16'),
('1400476906293321731', '1395596191554727938', '1400476906234601473', NULL, 0, -1, NULL, '2021-04-01 23:12:16'),
('1400476906301710338', '1395596191554727939', '1400476906234601473', NULL, 0, -1, NULL, '2021-04-01 23:12:16'),
('1400476906310098946', '1395596191554727940', '1400476906234601473', NULL, 0, -1, NULL, '2021-04-01 23:12:16'),
('1400476906310098947', '1395596191554727941', '1400476906234601473', NULL, 0, -1, NULL, '2021-04-01 23:12:16'),
('1400476906318487554', '1395596191554727942', '1400476906234601473', NULL, 0, -1, NULL, '2021-04-01 23:12:16'),
('1400476906318487555', '1395596191554727943', '1400476906234601473', NULL, 0, -1, NULL, '2021-04-01 23:12:16'),
('1400476906326876161', '1395596191621836801', '1400476906234601473', NULL, 0, -1, NULL, '2021-04-01 23:12:16'),
('1400476906335264770', '1395598166803476482', '1400476906234601473', NULL, 0, -1, NULL, '2021-04-01 23:12:16'),
('1400476906335264771', '1395598166803476483', '1400476906234601473', NULL, 0, -1, NULL, '2021-04-01 23:12:16'),
('1400476906343653377', '1395598166803476484', '1400476906234601473', NULL, 0, -1, NULL, '2021-04-01 23:12:16'),
('1400476906343653378', '1395598166866391041', '1400476906234601473', NULL, 0, -1, NULL, '2021-04-01 23:12:16'),
('1400476906352041985', '1395598166866391042', '1400476906234601473', NULL, 0, -1, NULL, '2021-04-01 23:12:16'),
('1400476906352041986', '1395598166866391043', '1400476906234601473', NULL, 0, -1, NULL, '2021-04-01 23:12:16'),
('1400476906360430593', '1395598166866391044', '1400476906234601473', NULL, 0, -1, NULL, '2021-04-01 23:12:16'),
('1400476906368819202', '1395598166866391045', '1400476906234601473', NULL, 0, -1, NULL, '2021-04-01 23:12:16'),
('1400476906377207810', '1395598166866391046', '1400476906234601473', NULL, 0, -1, NULL, '2021-04-01 23:12:16'),
('1400476906377207811', '1395719564154142721', '1400476906234601473', NULL, 0, -1, NULL, '2021-04-01 23:12:16'),
('1400476944427933697', '1376866579060486145', '1400476944402767873', NULL, 0, -1, NULL, '2021-03-25 23:12:16'),
('1400476944436322305', '1376870881904656385', '1400476944402767873', '我给自己的评分为：5。 这周学习了需求分析，并对系统做了需求分析，很充实', 1, 96, '2021-06-04 19:20:11', '2021-03-25 23:12:16'),
('1400476944444710914', '1395574991369555969', '1400476944402767873', NULL, 0, -1, NULL, '2021-03-25 23:12:16'),
('1400476944453099521', '1376876729053835266', '1400476944402767873', NULL, 0, -1, NULL, '2021-03-25 23:12:16'),
('1400476944461488129', '1395596191508590594', '1400476944402767873', NULL, 0, -1, NULL, '2021-03-25 23:12:16'),
('1400476944465682433', '1395596191508590595', '1400476944402767873', NULL, 0, -1, NULL, '2021-03-25 23:12:16'),
('1400476944474071041', '1395596191508590596', '1400476944402767873', NULL, 0, -1, NULL, '2021-03-25 23:12:16'),
('1400476944478265345', '1395596191554727937', '1400476944402767873', NULL, 0, -1, NULL, '2021-03-25 23:12:16'),
('1400476944486653954', '1395596191554727938', '1400476944402767873', NULL, 0, -1, NULL, '2021-03-25 23:12:16'),
('1400476944486653955', '1395596191554727939', '1400476944402767873', NULL, 0, -1, NULL, '2021-03-25 23:12:16'),
('1400476944495042562', '1395596191554727940', '1400476944402767873', NULL, 0, -1, NULL, '2021-03-25 23:12:16'),
('1400476944495042563', '1395596191554727941', '1400476944402767873', NULL, 0, -1, NULL, '2021-03-25 23:12:16'),
('1400476944503431170', '1395596191554727942', '1400476944402767873', NULL, 0, -1, NULL, '2021-03-25 23:12:16'),
('1400476944511819778', '1395596191554727943', '1400476944402767873', NULL, 0, -1, NULL, '2021-03-25 23:12:16'),
('1400476944511819779', '1395596191621836801', '1400476944402767873', NULL, 0, -1, NULL, '2021-03-25 23:12:16'),
('1400476944520208386', '1395598166803476482', '1400476944402767873', NULL, 0, -1, NULL, '2021-03-25 23:12:16'),
('1400476944520208387', '1395598166803476483', '1400476944402767873', NULL, 0, -1, NULL, '2021-03-25 23:12:16'),
('1400476944524402689', '1395598166803476484', '1400476944402767873', NULL, 0, -1, NULL, '2021-03-25 23:12:16'),
('1400476944524402690', '1395598166866391041', '1400476944402767873', NULL, 0, -1, NULL, '2021-03-25 23:12:16'),
('1400476944532791298', '1395598166866391042', '1400476944402767873', NULL, 0, -1, NULL, '2021-03-25 23:12:16'),
('1400476944541179905', '1395598166866391043', '1400476944402767873', NULL, 0, -1, NULL, '2021-03-25 23:12:16'),
('1400476944541179906', '1395598166866391044', '1400476944402767873', NULL, 0, -1, NULL, '2021-03-25 23:12:16'),
('1400476944549568514', '1395598166866391045', '1400476944402767873', NULL, 0, -1, NULL, '2021-03-25 23:12:16'),
('1400476944549568515', '1395598166866391046', '1400476944402767873', NULL, 0, -1, NULL, '2021-03-25 23:12:16'),
('1400476944557957121', '1395719564154142721', '1400476944402767873', NULL, 0, -1, NULL, '2021-03-25 23:12:16'),
('1400476971414085634', '1376866579060486145', '1400476971393114113', NULL, 0, -1, NULL, '2021-03-18 23:12:16'),
('1400476971422474242', '1376870881904656385', '1400476971393114113', '我给自己的评分为：4。 这周做了外文翻译收获颇多', 1, 79, '2021-06-04 19:20:45', '2021-03-18 23:12:16'),
('1400476971422474243', '1395574991369555969', '1400476971393114113', NULL, 0, -1, NULL, '2021-03-18 23:12:16'),
('1400476971430862849', '1376876729053835266', '1400476971393114113', NULL, 0, -1, NULL, '2021-03-18 23:12:16'),
('1400476971430862850', '1395596191508590594', '1400476971393114113', NULL, 0, -1, NULL, '2021-03-18 23:12:16'),
('1400476971439251458', '1395596191508590595', '1400476971393114113', NULL, 0, -1, NULL, '2021-03-18 23:12:16'),
('1400476971447640066', '1395596191508590596', '1400476971393114113', NULL, 0, -1, NULL, '2021-03-18 23:12:16'),
('1400476971447640067', '1395596191554727937', '1400476971393114113', NULL, 0, -1, NULL, '2021-03-18 23:12:16'),
('1400476971456028674', '1395596191554727938', '1400476971393114113', NULL, 0, -1, NULL, '2021-03-18 23:12:16'),
('1400476971464417282', '1395596191554727939', '1400476971393114113', NULL, 0, -1, NULL, '2021-03-18 23:12:16'),
('1400476971464417283', '1395596191554727940', '1400476971393114113', NULL, 0, -1, NULL, '2021-03-18 23:12:16'),
('1400476971472805889', '1395596191554727941', '1400476971393114113', NULL, 0, -1, NULL, '2021-03-18 23:12:16'),
('1400476971472805890', '1395596191554727942', '1400476971393114113', NULL, 0, -1, NULL, '2021-03-18 23:12:16'),
('1400476971481194498', '1395596191554727943', '1400476971393114113', NULL, 0, -1, NULL, '2021-03-18 23:12:16'),
('1400476971481194499', '1395596191621836801', '1400476971393114113', NULL, 0, -1, NULL, '2021-03-18 23:12:16'),
('1400476971489583105', '1395598166803476482', '1400476971393114113', NULL, 0, -1, NULL, '2021-03-18 23:12:16'),
('1400476971489583106', '1395598166803476483', '1400476971393114113', NULL, 0, -1, NULL, '2021-03-18 23:12:16'),
('1400476971497971714', '1395598166803476484', '1400476971393114113', NULL, 0, -1, NULL, '2021-03-18 23:12:16'),
('1400476971497971715', '1395598166866391041', '1400476971393114113', NULL, 0, -1, NULL, '2021-03-18 23:12:16'),
('1400476971502166018', '1395598166866391042', '1400476971393114113', NULL, 0, -1, NULL, '2021-03-18 23:12:16'),
('1400476971502166019', '1395598166866391043', '1400476971393114113', NULL, 0, -1, NULL, '2021-03-18 23:12:16'),
('1400476971510554625', '1395598166866391044', '1400476971393114113', NULL, 0, -1, NULL, '2021-03-18 23:12:16'),
('1400476971510554626', '1395598166866391045', '1400476971393114113', NULL, 0, -1, NULL, '2021-03-18 23:12:16'),
('1400476971514748929', '1395598166866391046', '1400476971393114113', NULL, 0, -1, NULL, '2021-03-18 23:12:16'),
('1400476971514748930', '1395719564154142721', '1400476971393114113', NULL, 0, -1, NULL, '2021-03-18 23:12:16'),
('1400477011410968578', '1376866579060486145', '1400477011389997057', NULL, 0, -1, NULL, '2021-03-11 23:12:16'),
('1400477011419357186', '1376870881904656385', '1400477011389997057', '我给自己的评分为：5。 我给自己的评分为：5。 这周看了很多论文，收获很多', 1, 99, '2021-06-04 19:21:00', '2021-03-11 23:12:16'),
('1400477011419357187', '1395574991369555969', '1400477011389997057', NULL, 0, -1, NULL, '2021-03-11 23:12:16'),
('1400477011427745794', '1376876729053835266', '1400477011389997057', NULL, 0, -1, NULL, '2021-03-11 23:12:16'),
('1400477011436134401', '1395596191508590594', '1400477011389997057', NULL, 0, -1, NULL, '2021-03-11 23:12:16'),
('1400477011436134402', '1395596191508590595', '1400477011389997057', NULL, 0, -1, NULL, '2021-03-11 23:12:16'),
('1400477011444523009', '1395596191508590596', '1400477011389997057', NULL, 0, -1, NULL, '2021-03-11 23:12:16'),
('1400477011444523010', '1395596191554727937', '1400477011389997057', NULL, 0, -1, NULL, '2021-03-11 23:12:16'),
('1400477011444523011', '1395596191554727938', '1400477011389997057', NULL, 0, -1, NULL, '2021-03-11 23:12:16'),
('1400477011452911618', '1395596191554727939', '1400477011389997057', NULL, 0, -1, NULL, '2021-03-11 23:12:16'),
('1400477011452911619', '1395596191554727940', '1400477011389997057', NULL, 0, -1, NULL, '2021-03-11 23:12:16'),
('1400477011461300226', '1395596191554727941', '1400477011389997057', NULL, 0, -1, NULL, '2021-03-11 23:12:16'),
('1400477011461300227', '1395596191554727942', '1400477011389997057', NULL, 0, -1, NULL, '2021-03-11 23:12:16'),
('1400477011469688833', '1395596191554727943', '1400477011389997057', NULL, 0, -1, NULL, '2021-03-11 23:12:16'),
('1400477011469688834', '1395596191621836801', '1400477011389997057', NULL, 0, -1, NULL, '2021-03-11 23:12:16'),
('1400477011478077442', '1395598166803476482', '1400477011389997057', NULL, 0, -1, NULL, '2021-03-11 23:12:16'),
('1400477011478077443', '1395598166803476483', '1400477011389997057', NULL, 0, -1, NULL, '2021-03-11 23:12:16'),
('1400477011478077444', '1395598166803476484', '1400477011389997057', NULL, 0, -1, NULL, '2021-03-11 23:12:16'),
('1400477011486466049', '1395598166866391041', '1400477011389997057', NULL, 0, -1, NULL, '2021-03-11 23:12:16'),
('1400477011486466050', '1395598166866391042', '1400477011389997057', NULL, 0, -1, NULL, '2021-03-11 23:12:16'),
('1400477011494854657', '1395598166866391043', '1400477011389997057', NULL, 0, -1, NULL, '2021-03-11 23:12:16'),
('1400477011503243266', '1395598166866391044', '1400477011389997057', NULL, 0, -1, NULL, '2021-03-11 23:12:16'),
('1400477011503243267', '1395598166866391045', '1400477011389997057', NULL, 0, -1, NULL, '2021-03-11 23:12:16'),
('1400477011511631873', '1395598166866391046', '1400477011389997057', NULL, 0, -1, NULL, '2021-03-11 23:12:16'),
('1400477011515826178', '1395719564154142721', '1400477011389997057', NULL, 0, -1, NULL, '2021-03-11 23:12:16'),
('1401566267298582531', '1401562818905411586', '1401566267239862274', NULL, 0, -1, NULL, '2021-06-13 23:46:52'),
('1401566267298582530', '1376876729053835266', '1401566267239862274', NULL, 0, -1, NULL, '2021-06-13 23:46:52'),
('1401566267290193922', '1401562818955743233', '1401566267239862274', NULL, 0, -1, NULL, '2021-06-13 23:46:52'),
('1401566267290193921', '1401562818964131842', '1401566267239862274', NULL, 0, -1, NULL, '2021-06-13 23:46:52'),
('1401566267281805315', '1401564222751543298', '1401566267239862274', NULL, 0, -1, NULL, '2021-06-13 23:46:52'),
('1401566267281805314', '1401564222776709121', '1401566267239862274', NULL, 0, -1, NULL, '2021-06-13 23:46:52'),
('1401566267273416706', '1395574991369555969', '1401566267239862274', NULL, 0, -1, NULL, '2021-06-13 23:46:52'),
('1401566267265028097', '1376870881904656385', '1401566267239862274', '我给自己的评分为：5。 本周学到很多', 1, 98, '2021-06-06 23:53:05', '2021-06-13 23:46:52'),
('1401566267256639490', '1376866579060486145', '1401566267239862274', NULL, 0, -1, NULL, '2021-06-13 23:46:52'),
('1401566267445383171', '1401562818913800193', '1401566267239862274', NULL, 0, -1, NULL, '2021-06-13 23:46:52'),
('1402244832168099842', '1376866579060486145', '1402244832105185281', NULL, 0, -1, NULL, '2021-06-15 20:43:15'),
('1402244832176488449', '1376870881904656385', '1402244832105185281', NULL, 0, -1, NULL, '2021-06-15 20:43:15'),
('1402244832184877058', '1401566366087024643', '1402244832105185281', NULL, 0, -1, NULL, '2021-06-15 20:43:15'),
('1402244832193265666', '1395574991369555969', '1402244832105185281', NULL, 0, -1, NULL, '2021-06-15 20:43:15'),
('1402244832201654274', '1401566366087024642', '1402244832105185281', NULL, 0, -1, NULL, '2021-06-15 20:43:15'),
('1402244832210042882', '1401564222776709121', '1402244832105185281', NULL, 0, -1, NULL, '2021-06-15 20:43:15'),
('1402244832214237186', '1401564222751543298', '1402244832105185281', NULL, 0, -1, NULL, '2021-06-15 20:43:15'),
('1402244832214237187', '1401562818964131842', '1402244832105185281', NULL, 0, -1, NULL, '2021-06-15 20:43:15'),
('1402244832222625793', '1401562818955743233', '1402244832105185281', NULL, 0, -1, NULL, '2021-06-15 20:43:15'),
('1402244832231014402', '1376876729053835266', '1402244832105185281', NULL, 0, -1, NULL, '2021-06-15 20:43:15'),
('1402244832239403009', '1401562818905411586', '1402244832105185281', NULL, 0, -1, NULL, '2021-06-15 20:43:15'),
('1402244832247791617', '1401562818905411587', '1402244832105185281', NULL, 0, -1, NULL, '2021-06-15 20:43:15'),
('1402244832247791618', '1395596191508590594', '1402244832105185281', NULL, 0, -1, NULL, '2021-06-15 20:43:15'),
('1402244832256180226', '1395596191508590595', '1402244832105185281', NULL, 0, -1, NULL, '2021-06-15 20:43:15'),
('1402244832264568834', '1395596191508590596', '1402244832105185281', NULL, 0, -1, NULL, '2021-06-15 20:43:15'),
('1402244832272957442', '1395596191554727937', '1402244832105185281', NULL, 0, -1, NULL, '2021-06-15 20:43:15'),
('1402244832281346050', '1395596191554727938', '1402244832105185281', NULL, 0, -1, NULL, '2021-06-15 20:43:15'),
('1402244832285540354', '1395596191554727939', '1402244832105185281', NULL, 0, -1, NULL, '2021-06-15 20:43:15'),
('1402244832293928962', '1395596191554727940', '1402244832105185281', NULL, 0, -1, NULL, '2021-06-15 20:43:15'),
('1402244832293928963', '1395596191554727941', '1402244832105185281', NULL, 0, -1, NULL, '2021-06-15 20:43:15'),
('1402244832302317570', '1395596191554727942', '1402244832105185281', NULL, 0, -1, NULL, '2021-06-15 20:43:15'),
('1402244832310706178', '1395596191554727943', '1402244832105185281', NULL, 0, -1, NULL, '2021-06-15 20:43:15'),
('1402244832310706179', '1395596191621836801', '1402244832105185281', NULL, 0, -1, NULL, '2021-06-15 20:43:15'),
('1402244832319094785', '1395598166803476482', '1402244832105185281', NULL, 0, -1, NULL, '2021-06-15 20:43:15'),
('1402244832327483394', '1395598166803476483', '1402244832105185281', NULL, 0, -1, NULL, '2021-06-15 20:43:15'),
('1402244832327483395', '1395598166803476484', '1402244832105185281', NULL, 0, -1, NULL, '2021-06-15 20:43:15'),
('1402244832335872002', '1395598166866391041', '1402244832105185281', NULL, 0, -1, NULL, '2021-06-15 20:43:15'),
('1402244832344260610', '1395598166866391042', '1402244832105185281', NULL, 0, -1, NULL, '2021-06-15 20:43:15'),
('1402244832352649218', '1395598166866391043', '1402244832105185281', NULL, 0, -1, NULL, '2021-06-15 20:43:15'),
('1402244832352649219', '1395598166866391044', '1402244832105185281', NULL, 0, -1, NULL, '2021-06-15 20:43:15'),
('1402244832361037825', '1395598166866391045', '1402244832105185281', NULL, 0, -1, NULL, '2021-06-15 20:43:15'),
('1402244832361037826', '1395598166866391046', '1402244832105185281', NULL, 0, -1, NULL, '2021-06-15 20:43:15'),
('1402244832369426433', '1395719564154142721', '1402244832105185281', NULL, 0, -1, NULL, '2021-06-15 20:43:15'),
('1402244832369426434', '1401562818947354625', '1402244832105185281', NULL, 0, -1, NULL, '2021-06-15 20:43:15'),
('1402244832377815041', '1401562818938966017', '1402244832105185281', NULL, 0, -1, NULL, '2021-06-15 20:43:15'),
('1402244832386203650', '1401562818930577409', '1402244832105185281', NULL, 0, -1, NULL, '2021-06-15 20:43:15'),
('1402244832390397953', '1401562818922188802', '1402244832105185281', NULL, 0, -1, NULL, '2021-06-15 20:43:15'),
('1402244832390397954', '1401562818913800193', '1402244832105185281', NULL, 0, -1, NULL, '2021-06-15 20:43:15'),
('1402244832398786561', '1401566366103801857', '1402244832105185281', NULL, 0, -1, NULL, '2021-06-15 20:43:15');

-- --------------------------------------------------------

--
-- 表的结构 `stu_timedtest`
--

DROP TABLE IF EXISTS `stu_timedtest`;
CREATE TABLE IF NOT EXISTS `stu_timedtest` (
  `id` char(19) NOT NULL COMMENT '学生课堂测验对应关系',
  `stu_id` char(19) NOT NULL COMMENT '学生id',
  `timedtest_id` char(19) NOT NULL COMMENT '课堂测验id',
  `topics` varchar(500) DEFAULT NULL COMMENT '题目集',
  `stu_answers` varchar(500) DEFAULT NULL COMMENT '学生答案',
  `score` int(5) NOT NULL DEFAULT -1 COMMENT '学生成绩',
  `finish` tinyint(1) NOT NULL DEFAULT 0 COMMENT '是否完成',
  `is_deleted` tinyint(1) NOT NULL DEFAULT 0 COMMENT '逻辑删除',
  `gmt_deadline` datetime DEFAULT NULL COMMENT '截止时间',
  `gmt_finish` datetime DEFAULT NULL COMMENT '完成时间',
  PRIMARY KEY (`id`)
) ENGINE=MyISAM DEFAULT CHARSET=utf8;

--
-- 转存表中的数据 `stu_timedtest`
--

INSERT INTO `stu_timedtest` (`id`, `stu_id`, `timedtest_id`, `topics`, `stu_answers`, `score`, `finish`, `is_deleted`, `gmt_deadline`, `gmt_finish`) VALUES
('1400447426631860226', '1395598166866391045', '1400447426518614018', '1400426707831242754 ', NULL, -1, 0, 0, '2021-06-04 05:50:50', NULL),
('1400447426631860227', '1395598166866391046', '1400447426518614018', '1400426707831242754 ', NULL, -1, 0, 0, '2021-06-04 05:50:50', NULL),
('1400447426631860228', '1395719564154142721', '1400447426518614018', '1400426707831242754 ', NULL, -1, 0, 0, '2021-06-04 05:50:50', NULL),
('1400447426623471619', '1395598166866391043', '1400447426518614018', '1400426707831242754 ', NULL, -1, 0, 0, '2021-06-04 05:50:50', NULL),
('1400447426623471620', '1395598166866391044', '1400447426518614018', '1400426707831242754 ', NULL, -1, 0, 0, '2021-06-04 05:50:50', NULL),
('1400447426623471618', '1395598166866391042', '1400447426518614018', '1400426707831242754 ', NULL, -1, 0, 0, '2021-06-04 05:50:50', NULL),
('1400447426615083009', '1395598166803476484', '1400447426518614018', '1400426707831242754 ', NULL, -1, 0, 0, '2021-06-04 05:50:50', NULL),
('1400447426615083010', '1395598166866391041', '1400447426518614018', '1400426707831242754 ', NULL, -1, 0, 0, '2021-06-04 05:50:50', NULL),
('1400447426606694402', '1395598166803476483', '1400447426518614018', '1400426707831242754 ', NULL, -1, 0, 0, '2021-06-04 05:50:50', NULL),
('1400447426598305795', '1395596191621836801', '1400447426518614018', '1400426707831242754 ', NULL, -1, 0, 0, '2021-06-04 05:50:50', NULL),
('1400447426606694401', '1395598166803476482', '1400447426518614018', '1400426707831242754 ', NULL, -1, 0, 0, '2021-06-04 05:50:50', NULL),
('1400447426598305794', '1395596191554727943', '1400447426518614018', '1400426707831242754 ', NULL, -1, 0, 0, '2021-06-04 05:50:50', NULL),
('1400447426589917185', '1395596191554727941', '1400447426518614018', '1400426707831242754 ', NULL, -1, 0, 0, '2021-06-04 05:50:50', NULL),
('1400447426589917186', '1395596191554727942', '1400447426518614018', '1400426707831242754 ', NULL, -1, 0, 0, '2021-06-04 05:50:50', NULL),
('1400447426581528578', '1395596191554727940', '1400447426518614018', '1400426707831242754 ', NULL, -1, 0, 0, '2021-06-04 05:50:50', NULL),
('1400447426573139969', '1395596191554727939', '1400447426518614018', '1400426707831242754 ', NULL, -1, 0, 0, '2021-06-04 05:50:50', NULL),
('1400447426556362754', '1395596191508590596', '1400447426518614018', '1400426707831242754 ', NULL, -1, 0, 0, '2021-06-04 05:50:50', NULL),
('1400447426564751362', '1395596191554727937', '1400447426518614018', '1400426707831242754 ', NULL, -1, 0, 0, '2021-06-04 05:50:50', NULL),
('1400447426564751363', '1395596191554727938', '1400447426518614018', '1400426707831242754 ', NULL, -1, 0, 0, '2021-06-04 05:50:50', NULL),
('1400447426556362753', '1395596191508590595', '1400447426518614018', '1400426707831242754 ', NULL, -1, 0, 0, '2021-06-04 05:50:50', NULL),
('1400447426547974146', '1395596191508590594', '1400447426518614018', '1400426707831242754 ', NULL, -1, 0, 0, '2021-06-04 05:50:50', NULL),
('1400447426547974145', '1376876729053835266', '1400447426518614018', '1400426707831242754 ', NULL, -1, 0, 0, '2021-06-04 05:50:50', NULL),
('1400447426539585539', '1395574991369555969', '1400447426518614018', '1400426707831242754 ', NULL, -1, 0, 0, '2021-06-04 05:50:50', NULL),
('1400447426539585538', '1376870881904656385', '1400447426518614018', '1400426707831242754 ', '枚举法', 100, 1, 0, '2021-06-04 05:50:50', '2021-06-03 21:54:24'),
('1400447426539585537', '1376866579060486145', '1400447426518614018', '1400426707831242754 ', NULL, -1, 0, 0, '2021-06-04 05:50:50', NULL),
('1400447264714948609', '1395719564154142721', '1400447264584925186', '1395757019029315585 ', NULL, -1, 0, 0, '2021-06-01 08:00:00', NULL),
('1400447264710754306', '1395598166866391046', '1400447264584925186', '1395757019029315585 ', NULL, -1, 0, 0, '2021-06-01 08:00:00', NULL),
('1400447264710754305', '1395598166866391045', '1400447264584925186', '1395757019029315585 ', NULL, -1, 0, 0, '2021-06-01 08:00:00', NULL),
('1400447264702365699', '1395598166866391044', '1400447264584925186', '1395757019029315585 ', NULL, -1, 0, 0, '2021-06-01 08:00:00', NULL),
('1400447264685588482', '1395598166866391041', '1400447264584925186', '1395757019029315585 ', NULL, -1, 0, 0, '2021-06-01 08:00:00', NULL),
('1400447264693977090', '1395598166866391042', '1400447264584925186', '1395757019029315585 ', NULL, -1, 0, 0, '2021-06-01 08:00:00', NULL),
('1400447264702365698', '1395598166866391043', '1400447264584925186', '1395757019029315585 ', NULL, -1, 0, 0, '2021-06-01 08:00:00', NULL),
('1400447264677199873', '1395598166803476484', '1400447264584925186', '1395757019029315585 ', NULL, -1, 0, 0, '2021-06-01 08:00:00', NULL),
('1400447264668811266', '1395598166803476483', '1400447264584925186', '1395757019029315585 ', NULL, -1, 0, 0, '2021-06-01 08:00:00', NULL),
('1400447264668811265', '1395598166803476482', '1400447264584925186', '1395757019029315585 ', NULL, -1, 0, 0, '2021-06-01 08:00:00', NULL),
('1400447264660422659', '1395596191621836801', '1400447264584925186', '1395757019029315585 ', NULL, -1, 0, 0, '2021-06-01 08:00:00', NULL),
('1400447264660422658', '1395596191554727943', '1400447264584925186', '1395757019029315585 ', NULL, -1, 0, 0, '2021-06-01 08:00:00', NULL),
('1400447264660422657', '1395596191554727942', '1400447264584925186', '1395757019029315585 ', NULL, -1, 0, 0, '2021-06-01 08:00:00', NULL),
('1400447264652034050', '1395596191554727941', '1400447264584925186', '1395757019029315585 ', NULL, -1, 0, 0, '2021-06-01 08:00:00', NULL),
('1400447264626868226', '1395596191508590594', '1400447264584925186', '1395757019029315585 ', NULL, -1, 0, 0, '2021-06-01 08:00:00', NULL),
('1400447264626868227', '1395596191508590595', '1400447264584925186', '1395757019029315585 ', NULL, -1, 0, 0, '2021-06-01 08:00:00', NULL),
('1400447264635256834', '1395596191508590596', '1400447264584925186', '1395757019029315585 ', NULL, -1, 0, 0, '2021-06-01 08:00:00', NULL),
('1400447264635256835', '1395596191554727937', '1400447264584925186', '1395757019029315585 ', NULL, -1, 0, 0, '2021-06-01 08:00:00', NULL),
('1400447264643645441', '1395596191554727938', '1400447264584925186', '1395757019029315585 ', NULL, -1, 0, 0, '2021-06-01 08:00:00', NULL),
('1400447264643645442', '1395596191554727939', '1400447264584925186', '1395757019029315585 ', NULL, -1, 0, 0, '2021-06-01 08:00:00', NULL),
('1400447264652034049', '1395596191554727940', '1400447264584925186', '1395757019029315585 ', NULL, -1, 0, 0, '2021-06-01 08:00:00', NULL),
('1400447264618479619', '1376876729053835266', '1400447264584925186', '1395757019029315585 ', NULL, -1, 0, 0, '2021-06-01 08:00:00', NULL),
('1400447264618479618', '1395574991369555969', '1400447264584925186', '1395757019029315585 ', NULL, -1, 0, 0, '2021-06-01 08:00:00', NULL),
('1400447264601702402', '1376866579060486145', '1400447264584925186', '1395757019029315585 ', NULL, -1, 0, 0, '2021-06-01 08:00:00', NULL),
('1400447264601702403', '1376870881904656385', '1400447264584925186', '1395757019029315585 ', NULL, -1, 0, 0, '2021-06-01 08:00:00', NULL),
('1400447154333450242', '1395719564154142721', '1400447154195038209', '1400405515053318146 ', NULL, -1, 0, 0, '2021-05-01 08:00:00', NULL),
('1400447154325061636', '1395598166866391046', '1400447154195038209', '1400405515053318146 ', NULL, -1, 0, 0, '2021-05-01 08:00:00', NULL),
('1400447154325061635', '1395598166866391045', '1400447154195038209', '1400405515053318146 ', NULL, -1, 0, 0, '2021-05-01 08:00:00', NULL),
('1400447154325061634', '1395598166866391044', '1400447154195038209', '1400405515053318146 ', NULL, -1, 0, 0, '2021-05-01 08:00:00', NULL),
('1400447154316673027', '1395598166866391043', '1400447154195038209', '1400405515053318146 ', NULL, -1, 0, 0, '2021-05-01 08:00:00', NULL),
('1400447154316673026', '1395598166866391042', '1400447154195038209', '1400405515053318146 ', NULL, -1, 0, 0, '2021-05-01 08:00:00', NULL),
('1400447154308284419', '1395598166866391041', '1400447154195038209', '1400405515053318146 ', NULL, -1, 0, 0, '2021-05-01 08:00:00', NULL),
('1400447154308284418', '1395598166803476484', '1400447154195038209', '1400405515053318146 ', NULL, -1, 0, 0, '2021-05-01 08:00:00', NULL),
('1400447154291507202', '1395598166803476483', '1400447154195038209', '1400405515053318146 ', NULL, -1, 0, 0, '2021-05-01 08:00:00', NULL),
('1400447154283118594', '1395596191621836801', '1400447154195038209', '1400405515053318146 ', NULL, -1, 0, 0, '2021-05-01 08:00:00', NULL),
('1400447154291507201', '1395598166803476482', '1400447154195038209', '1400405515053318146 ', NULL, -1, 0, 0, '2021-05-01 08:00:00', NULL),
('1400447154283118593', '1395596191554727943', '1400447154195038209', '1400405515053318146 ', NULL, -1, 0, 0, '2021-05-01 08:00:00', NULL),
('1400447154274729986', '1395596191554727942', '1400447154195038209', '1400405515053318146 ', NULL, -1, 0, 0, '2021-05-01 08:00:00', NULL),
('1400447154274729985', '1395596191554727941', '1400447154195038209', '1400405515053318146 ', NULL, -1, 0, 0, '2021-05-01 08:00:00', NULL),
('1400447154266341380', '1395596191554727940', '1400447154195038209', '1400405515053318146 ', NULL, -1, 0, 0, '2021-05-01 08:00:00', NULL),
('1400447154266341379', '1395596191554727939', '1400447154195038209', '1400405515053318146 ', NULL, -1, 0, 0, '2021-05-01 08:00:00', NULL),
('1400447154266341378', '1395596191554727938', '1400447154195038209', '1400405515053318146 ', NULL, -1, 0, 0, '2021-05-01 08:00:00', NULL),
('1400447154257952769', '1395596191554727937', '1400447154195038209', '1400405515053318146 ', NULL, -1, 0, 0, '2021-05-01 08:00:00', NULL),
('1400447154207621122', '1376866579060486145', '1400447154195038209', '1400405515053318146 ', NULL, -1, 0, 0, '2021-05-01 08:00:00', NULL),
('1400447154216009730', '1376870881904656385', '1400447154195038209', '1400405515053318146 ', NULL, -1, 0, 0, '2021-05-01 08:00:00', NULL),
('1400447154232786945', '1395574991369555969', '1400447154195038209', '1400405515053318146 ', NULL, -1, 0, 0, '2021-05-01 08:00:00', NULL),
('1400447154241175553', '1376876729053835266', '1400447154195038209', '1400405515053318146 ', NULL, -1, 0, 0, '2021-05-01 08:00:00', NULL),
('1400447154241175554', '1395596191508590594', '1400447154195038209', '1400405515053318146 ', NULL, -1, 0, 0, '2021-05-01 08:00:00', NULL),
('1400447154249564161', '1395596191508590595', '1400447154195038209', '1400405515053318146 ', NULL, -1, 0, 0, '2021-05-01 08:00:00', NULL),
('1400447154249564162', '1395596191508590596', '1400447154195038209', '1400405515053318146 ', NULL, -1, 0, 0, '2021-05-01 08:00:00', NULL);

-- --------------------------------------------------------

--
-- 表的结构 `summary`
--

DROP TABLE IF EXISTS `summary`;
CREATE TABLE IF NOT EXISTS `summary` (
  `id` char(19) NOT NULL COMMENT '每周总结',
  `title` varchar(255) NOT NULL COMMENT '标题',
  `description` varchar(255) NOT NULL COMMENT '描述第几周',
  `is_deleted` tinyint(1) NOT NULL DEFAULT 0 COMMENT '逻辑删除',
  `gmt_create` datetime NOT NULL DEFAULT current_timestamp() COMMENT '创建时间',
  `gmt_deadline` datetime NOT NULL DEFAULT current_timestamp() COMMENT '截止时间',
  `gmt_modified` datetime NOT NULL DEFAULT current_timestamp() COMMENT '更新时间',
  PRIMARY KEY (`id`)
) ENGINE=MyISAM DEFAULT CHARSET=utf8;

--
-- 转存表中的数据 `summary`
--

INSERT INTO `summary` (`id`, `title`, `description`, `is_deleted`, `gmt_create`, `gmt_deadline`, `gmt_modified`) VALUES
('1400476814685528065', '第六周每周总结', '第6周的每周总结', 0, '2021-04-08 23:12:16', '2021-04-15 23:12:16', '2021-06-03 23:37:46'),
('1400476774160162817', '第七周每周总结', '第7周的每周总结', 0, '2021-04-15 23:12:16', '2021-04-22 23:12:16', '2021-06-03 23:37:37'),
('1400476709588852737', '第八周每周总结', '第8周的每周总结', 0, '2021-04-22 23:12:16', '2021-04-29 23:12:16', '2021-06-03 23:37:21'),
('1400476653771055106', '第九周每周总结', '第9周的每周总结', 0, '2021-04-29 23:12:16', '2021-05-06 23:12:16', '2021-06-03 23:37:08'),
('1400470829820567553', '第十周每周总结', '第10周的每周总结', 0, '2021-05-06 23:12:16', '2021-05-13 23:12:16', '2021-06-03 23:13:59'),
('1400470767413518338', '第十一周每周总结', '第11周的每周总结', 0, '2021-05-13 23:12:16', '2021-05-20 23:12:16', '2021-06-03 23:13:45'),
('1400470716855377922', '第十二周每周总结', '第12周的每周总结', 0, '2021-05-20 23:12:16', '2021-05-27 23:12:16', '2021-06-03 23:13:33'),
('1402244832105185281', '15周', '第15周的每周总结', 0, '2021-06-08 20:43:15', '2021-06-15 20:43:15', '2021-06-08 20:43:15'),
('1400470666230128642', '第十三周每周总结', '第13周的每周总结', 0, '2021-05-27 23:12:16', '2021-06-03 23:12:16', '2021-06-03 23:13:20'),
('1401566267239862274', '第14周', '第14周的每周总结', 0, '2021-06-06 23:46:52', '2021-06-13 23:46:52', '2021-06-06 23:46:52'),
('1400476838773415937', '第五周每周总结', '第5周的每周总结', 0, '2021-04-01 23:12:16', '2021-04-08 23:12:16', '2021-06-03 23:37:52'),
('1400476906234601473', '第四周每周总结', '第4周的每周总结', 0, '2021-03-25 23:12:16', '2021-04-01 23:12:16', '2021-06-03 23:38:08'),
('1400476944402767873', '第三周每周总结', '第3周的每周总结', 0, '2021-03-18 23:12:16', '2021-03-25 23:12:16', '2021-06-03 23:38:17'),
('1400476971393114113', '第二周每周总结', '第2周的每周总结', 0, '2021-03-11 23:12:16', '2021-03-18 23:12:16', '2021-06-03 23:38:24'),
('1400477011389997057', '第一周每周总结', '第1周的每周总结', 0, '2021-03-04 23:12:16', '2021-03-11 23:12:16', '2021-06-03 23:38:33');

-- --------------------------------------------------------

--
-- 表的结构 `teacher`
--

DROP TABLE IF EXISTS `teacher`;
CREATE TABLE IF NOT EXISTS `teacher` (
  `id` char(19) NOT NULL COMMENT '教师id',
  `name` varchar(50) NOT NULL COMMENT '教师姓名',
  `username` varchar(20) NOT NULL COMMENT '教师端登陆用户名',
  `password` char(20) NOT NULL COMMENT '教师密码',
  `avatar` varchar(255) DEFAULT NULL COMMENT '教师头像',
  `intro` text DEFAULT NULL COMMENT '教师简介',
  `email` varchar(50) DEFAULT NULL COMMENT '教师邮箱',
  `is_deleted` tinyint(1) UNSIGNED NOT NULL DEFAULT 0 COMMENT '逻辑删除',
  `gmt_create` datetime NOT NULL COMMENT '创建时间',
  `gmt_modified` datetime NOT NULL COMMENT '更新时间',
  PRIMARY KEY (`id`)
) ENGINE=MyISAM DEFAULT CHARSET=utf8;

--
-- 转存表中的数据 `teacher`
--

INSERT INTO `teacher` (`id`, `name`, `username`, `password`, `avatar`, `intro`, `email`, `is_deleted`, `gmt_create`, `gmt_modified`) VALUES
('0236726736254739472', '宋华珠', '102727', '10272727', 'https://edu-tengshan.oss-cn-beijing.aliyuncs.com/avatar/7543cdcca8254cf6990b9882611615eeteacher.jpg', '计算机学院，博士，副教授\n1.智能方法\n2.机器学习、深度学习与数据挖掘\n3.自然语言处理与知识图谱\n4.《计算机导论》主编', '756862517@qq.com', 0, '2021-03-31 00:00:00', '2021-06-06 23:49:25');

-- --------------------------------------------------------

--
-- 表的结构 `timedtest`
--

DROP TABLE IF EXISTS `timedtest`;
CREATE TABLE IF NOT EXISTS `timedtest` (
  `id` char(19) NOT NULL COMMENT '课堂测试',
  `title` varchar(255) NOT NULL COMMENT '标题',
  `chapter_id` char(19) NOT NULL COMMENT '所属章节',
  `section_id` char(19) NOT NULL COMMENT '所属小节',
  `count` int(10) NOT NULL DEFAULT 0 COMMENT '题目数',
  `is_deleted` tinyint(1) NOT NULL DEFAULT 0 COMMENT '逻辑删除',
  `gmt_create` datetime NOT NULL DEFAULT current_timestamp() COMMENT '创建时间',
  `gmt_deadline` datetime NOT NULL DEFAULT current_timestamp() COMMENT '截止日期',
  `gmt_modified` datetime NOT NULL DEFAULT current_timestamp() COMMENT '更新时间',
  PRIMARY KEY (`id`)
) ENGINE=MyISAM DEFAULT CHARSET=utf8;

--
-- 转存表中的数据 `timedtest`
--

INSERT INTO `timedtest` (`id`, `title`, `chapter_id`, `section_id`, `count`, `is_deleted`, `gmt_create`, `gmt_deadline`, `gmt_modified`) VALUES
('1400447426518614018', '第一章第三节随堂练习请完成', '1377204682275024898', '1377207660482486273', 1, 0, '2021-06-03 21:41:00', '2021-06-04 05:50:50', '2021-06-03 21:41:00'),
('1400447264584925186', '第一章第二节随堂练习请完成', '1377204682275024898', '1377207554131714050', 1, 0, '2021-06-03 21:40:21', '2021-06-01 08:00:00', '2021-06-03 21:40:21'),
('1400447154195038209', '第一章第一节随堂练习请完成', '1377204682275024898', '1377207486947352577', 1, 0, '2021-06-03 21:39:55', '2021-05-01 08:00:00', '2021-06-03 21:39:55');

-- --------------------------------------------------------

--
-- 表的结构 `topic`
--

DROP TABLE IF EXISTS `topic`;
CREATE TABLE IF NOT EXISTS `topic` (
  `id` char(19) NOT NULL COMMENT '题目id',
  `provider_id` char(19) NOT NULL COMMENT '提供者学生id',
  `type` int(10) NOT NULL COMMENT '分类 0选择题 1多选题 2简答题',
  `content` varchar(500) DEFAULT NULL COMMENT '问题内容',
  `options` varchar(1024) DEFAULT NULL COMMENT '选择题选项，填空题为空',
  `answer` varchar(500) DEFAULT NULL COMMENT '答案',
  `explaining` varchar(500) DEFAULT NULL COMMENT '解析',
  `chapter_id` char(19) DEFAULT NULL COMMENT '所属章节',
  `section_id` char(19) DEFAULT NULL COMMENT '所属小节',
  `comment_count` int(10) NOT NULL DEFAULT 0 COMMENT '讨论数量',
  `adopted` tinyint(1) UNSIGNED NOT NULL DEFAULT 0 COMMENT '0 未采用 1 采用',
  `is_delete` tinyint(1) UNSIGNED NOT NULL DEFAULT 0 COMMENT '逻辑删除 0未删除 1删除',
  `gmt_create` datetime NOT NULL COMMENT '创建时间',
  `gmt_modified` datetime NOT NULL COMMENT '更新时间',
  PRIMARY KEY (`id`)
) ENGINE=MyISAM DEFAULT CHARSET=utf8;

--
-- 转存表中的数据 `topic`
--

INSERT INTO `topic` (`id`, `provider_id`, `type`, `content`, `options`, `answer`, `explaining`, `chapter_id`, `section_id`, `comment_count`, `adopted`, `is_delete`, `gmt_create`, `gmt_modified`) VALUES
('1377974394466344961', '1376870881904656385', 0, '这个题目答案是C', 'A.这题目是A_op_B.我觉得A说得对_op_C.我也觉得是A_op_D.虽然我也同意是A但是我觉得我也对', 'C', 'C', '1377205091571986434', '1377209715221684225', 9, 1, 0, '2021-06-06 08:33:36', '2021-06-06 08:33:36'),
('1395757019029315585', '1376870881904656385', 2, '计算机的处理能力解释', NULL, '计算机处理能力较好', '没错', '1377204682275024898', '1377207554131714050', 4, 1, 0, '2021-05-22 10:04:25', '2021-05-22 10:04:25'),
('1395757243097423873', '1376870881904656385', 2, '图灵机是什么？', NULL, '一个抽象的机器', '它有一条无限长的纸带，纸带分成了一个一个的小方格，每个方格有不同的颜色', '1377204682275024898', '1377207794431778818', 2, 1, 0, '2021-06-03 18:50:11', '2021-06-03 18:50:11'),
('1394098759242649602', '1376870881904656385', 2, '什么是移动终端12', NULL, '就是移动终端', '答案是：就是移动终端', '1377204871329083393', '1377208273849114626', 3, 1, 0, '2021-05-22 10:04:36', '2021-05-22 10:04:36'),
('1394109658921824258', '1376866579060486145', 0, '你会Java吗？', 'A. 会_op_B. 不会_op_C. 你别管', 'A', '我会一点点', '1377205026119872513', '1377209173552488450', 0, 1, 0, '2021-06-03 18:50:29', '2021-06-03 18:50:29'),
('1395757642344833026', '1376866579060486145', 1, '个人计算机包含哪些部分？', 'A.CPU_op_B.内存_op_C.主板_op_D.显卡', 'ABCD', '全都包含', '1377204871329083393', '1377208019141615618', 0, 1, 0, '2021-06-03 18:50:35', '2021-06-03 18:50:35'),
('1395757880090566657', '1376866579060486145', 2, '软件的分类主要有哪些', '', '系统软件与应用软件', '系统软件与应用软件', '1377204934893760514', '1377208788242751489', 0, 1, 0, '2021-06-03 18:50:42', '2021-06-03 18:50:42'),
('1395757996465725441', '1376866579060486145', 2, '最好的语言是什么？', NULL, 'Java', 'Java是最好的语言', '1377205026119872513', '1377209359968329730', 0, 1, 0, '2021-06-03 18:51:03', '2021-06-03 18:51:03'),
('1395758259293396994', '1376866579060486145', 2, '什么是电子商务？', NULL, '以商品交换为中心的商务活动', '我也不懂', '1377205146018246658', '1377210035729424386', 0, 1, 0, '2021-06-03 18:51:12', '2021-06-03 18:51:12'),
('1395758374439624706', '1376866579060486145', 2, '如何理解计算机应用的网络化', NULL, '不了解', '不了解', '1377205233893109761', '1377210400478683138', 0, 1, 0, '2021-06-03 18:51:18', '2021-06-03 18:51:18'),
('1395758592874782721', '0236726736254739472', 2, 'Mysql的存储引擎是什么', NULL, 'InnoDB', '就是innodb', '1377205091571986434', '1377209715221684225', 1, 1, 0, '2021-06-03 18:51:40', '2021-06-03 18:51:40'),
('1395758732339585025', '0236726736254739472', 2, 'Java中int类型占几个字节', NULL, '4', '好像是4', '1377205091571986434', '1377209559336181761', 0, 1, 0, '2021-06-03 18:51:32', '2021-06-03 18:51:32'),
('1400405515053318146', '0236726736254739472', 0, '下面哪项是维纳的信息定义', 'A.信息是物质_op_B.信息是信息_op_C.信息是能量_op_D.信息是事物', 'B', '维纳的信息定义 信息是信息，不是物质，也不是能量', '1377204682275024898', '1377207486947352577', 0, 1, 0, '2021-06-03 20:14:04', '2021-06-03 20:14:04'),
('1400426707831242754', '0236726736254739472', 2, '从测谎看逻辑用到声明解决方法', NULL, '枚举法', '枚举法', '1377204682275024898', '1377207660482486273', 0, 1, 0, '2021-06-03 20:18:43', '2021-06-03 20:18:43'),
('1400426955181932546', '0236726736254739472', 2, '阐述图灵机的基本思想', NULL, '用机器来模拟人们用纸和笔进行数学运算的过程', '图灵机的基本思想是用机器来模拟人们用纸和笔进行数学运算的过程', '1377204682275024898', '1377207794431778818', 0, 1, 0, '2021-06-03 20:19:42', '2021-06-03 20:19:42'),
('1400427403137794049', '0236726736254739472', 0, '计算机科学是对描述和交换信息的________的系统研究。', 'A.算法过程_op_B.分析过程_op_C.设计过程_op_D.实现过程', 'A', '计算机科学是对描述和交换信息的算法过程的系统研究。', '1377204682275024898', '1377207901281673218', 0, 1, 0, '2021-06-03 20:21:28', '2021-06-03 20:21:28'),
('1400428716856721409', '1376870881904656385', 0, '计算机内部采用何种记数法', 'A.十进制_op_B.八进制_op_C.十六进制_op_D.二进制', 'D', '计算机内部采用二进制记数法', '1377204871329083393', '1377208019141615618', 0, 1, 0, '2021-06-03 20:34:07', '2021-06-03 20:34:07'),
('1400428994460925954', '1376870881904656385', 2, '什么是计算机的外特性', NULL, '计算机的概念性结构和功能特性', '计算机的概念性结构和功能特性', '1377204871329083393', '1377208099508674561', 0, 1, 0, '2021-06-03 20:34:15', '2021-06-03 20:34:15'),
('1400429529423429633', '1376870881904656385', 1, '计算机网络分为以下哪几种', 'A.局域网_op_B.城域网_op_C.无线网_op_D.广域网', 'ABD', '无线网属于广域网', '1377204871329083393', '1377208333664083969', 0, 1, 0, '2021-06-03 20:34:21', '2021-06-03 20:34:21'),
('1400430110871404546', '1376870881904656385', 2, 'OSI参考模型自下而上分为____层、数据链路层、____层、____层、会话层、表示层、____层', NULL, '物理、网络、传输、应用', '如答案', '1377204871329083393', '1377208333664083969', 0, 1, 0, '2021-06-03 20:34:26', '2021-06-03 20:34:26'),
('1400430443345494017', '1376870881904656385', 0, '云计算本质上是一种__________', 'A.虚拟化技术_op_B.高性能技术_op_C.共享服务_op_D.动态服务', 'C', '云计算本质上是一种共享服务', '1377204871329083393', '1377208501306220545', 0, 1, 0, '2021-06-03 20:34:30', '2021-06-03 20:34:30'),
('1400431298517942274', '0236726736254739472', 2, '计算机系统中的_____，它是包括__、__及其相关文档的集合', NULL, '非硬件成分、程序、数据', '计算机系统中的非硬件成分，它是包括程序、数据及其相关文档的集合', '1377204934893760514', '1377208611251511297', 0, 1, 0, '2021-06-03 20:36:58', '2021-06-03 20:36:58'),
('1400431929219629058', '0236726736254739472', 0, '软件架构的分层中，位于最底层的是？', 'A.业务专用_op_B.系统软件_op_C.中间件_op_D.应用程序子系统', 'B', 'a于第三层，b在第一层，c在第二层，d在顶层第四层', '1377204934893760514', '1377208834510118914', 0, 1, 0, '2021-06-03 20:39:28', '2021-06-03 20:39:28'),
('1400432203254480897', '0236726736254739472', 2, '什么是操作系统', '', '用以控制和管理计算机系统资源的软件', '操作系统是用以控制和管理计算机系统资源的软件', '1377204934893760514', '1377208895105228801', 0, 1, 0, '2021-06-03 20:40:34', '2021-06-03 20:40:34'),
('1400432748325257217', '0236726736254739472', 0, '软件开发过程中那一步骤是为了明白目标系统需要的内容。', 'A.问题定义_op_B.可行性研究_op_C.需求分析_op_D.总体设计', 'C', '软件开发过程中需求分析是为了明白目标系统需要的内容。', '1377204934893760514', '1377208980098605058', 0, 1, 0, '2021-06-03 20:42:43', '2021-06-03 20:42:43'),
('1400433157139873794', '0236726736254739472', 1, '开发类软件行业职业有哪些', 'A.项目经理_op_B.需求分析工程师_op_C.软件开发工程师_op_D.系统分析工程师', 'BCD', '项目经理属于项目管理类职业', '1377204934893760514', '1377209056808230913', 0, 1, 0, '2021-06-03 20:44:20', '2021-06-03 20:44:20'),
('1400434032176545794', '1376866579060486145', 2, '程序设计语言可以分为机器语言、汇编语言、_____三大类', NULL, '高级语言', '程序设计语言可以分为机器语言、汇编语言、高级语言三大类', '1377205026119872513', '1377209256096391170', 0, 1, 0, '2021-06-03 20:49:40', '2021-06-03 20:49:40'),
('1400434365938286594', '1376866579060486145', 2, '并行程序设计语言是一种用于_______的语言', NULL, '并行程序设计', '并行程序设计语言是一种用于并行程序设计的语言', '1377205026119872513', '1377209448774328321', 0, 1, 0, '2021-06-03 20:49:33', '2021-06-03 20:49:33'),
('1400437896011350018', '1395574991369555969', 2, '___的数据结构特点是“先进后出”', NULL, '栈', '栈的数据结构特点是“先进后出”', '1377205091571986434', '1377209613572726786', 0, 1, 0, '2021-06-03 21:24:44', '2021-06-03 21:24:44'),
('1400438180724899842', '1395574991369555969', 1, '计算机领域算法具有以下那些特性？', 'A.输入_op_B.输出_op_C.有穷性_op_D.确定性', 'ABCD', '此外还有可行性', '1377205091571986434', '1377209660783812610', 0, 1, 0, '2021-06-03 21:24:57', '2021-06-03 21:24:57'),
('1400438470299648002', '1395574991369555969', 2, '什么是数据中心？', NULL, '在一个物理空间内实现数据集中处理、存储、传输、交换、管理的一整套复杂的设施', '数据中心是在一个物理空间内实现数据集中处理、存储、传输、交换、管理的一整套复杂的设施', '1377205091571986434', '1377209767507877890', 0, 1, 0, '2021-06-03 21:25:03', '2021-06-03 21:25:03'),
('1400440001128333313', '1376876729053835266', 1, '多媒体的特点有', 'A.多样性_op_B.交互性_op_C.集成性_op_D.数字化', 'ABCD', '多媒体的特点有多样性、交互性、集成性、数字化', '1377205146018246658', '1377209852211847170', 0, 1, 0, '2021-06-03 21:25:08', '2021-06-03 21:25:08'),
('1400440147576651778', '1376876729053835266', 2, '人工智能是关于____的学科', NULL, '知识', '人工智能是关于知识的学科', '1377205146018246658', '1377209923900891138', 0, 1, 0, '2021-06-03 21:25:13', '2021-06-03 21:25:13'),
('1400440487139115009', '1376876729053835266', 2, '嵌入式系统通常由嵌入式处理器、嵌入式外围设备、______和嵌入式应用软件等部分组成', NULL, '嵌入式操作系统', '如答案所示', '1377205146018246658', '1377209994721714177', 0, 1, 0, '2021-06-03 21:25:19', '2021-06-03 21:25:19'),
('1400440735148310529', '1376876729053835266', 2, '移动互联网的特点有___、____、____', NULL, '便捷性、智能感知、个性化', '如答案', '1377205146018246658', '1377210099822583810', 0, 1, 0, '2021-06-03 21:25:24', '2021-06-03 21:25:24'),
('1400441135230386177', '1376876729053835266', 1, '信息系统集成的特点及基本原则', 'A.开放性原则_op_B.结构化原则_op_C.先进性原则_op_D.主流化原则', 'ABCD', '信息系统集成的特点及基本原则有开放性原则、结构化原则、先进性原则、主流化原则', '1377205146018246658', '1377210222732468225', 0, 1, 0, '2021-06-03 21:25:28', '2021-06-03 21:25:28'),
('1400442753036353537', '1395598166866391046', 0, '“性能越来越高、速度越来越快”是从计算机发展趋势的哪个维度考虑的？', 'A.高_op_B.广_op_C.深_op_D.快', 'A', '无', '1377205233893109761', '1377210355910008833', 0, 1, 0, '2021-06-03 21:25:32', '2021-06-03 21:25:32'),
('1400443195069857794', '1395598166866391046', 2, '计算机智能化就是要求计算机具有自己的___，并非只局限于原先的____以及一些简单的____。', NULL, '智能、计算能力、娱乐功能', '计算机智能化就是要求计算机具有自己的智能，并非只局限于原先的计算能力以及一些简单的娱乐功能。', '1377205233893109761', '1377210447232589825', 0, 1, 0, '2021-06-03 21:25:46', '2021-06-03 21:25:46'),
('1401336239029792770', '1376870881904656385', 2, '什么是信息？', NULL, '欢迎大家讨论', '欢迎大家讨论', '1377204682275024898', '1377207486947352577', 1, 1, 0, '2021-06-06 08:38:32', '2021-06-06 08:38:32'),
('1401564434064773122', '0236726736254739472', 2, '什么是信息', NULL, '请回答', '请讨论', '1377204682275024898', '1377207486947352577', 0, 1, 0, '2021-06-06 23:39:45', '2021-06-06 23:39:45'),
('1401566564041396226', '0236726736254739472', 2, '什么是智能化', NULL, '请完成', '请完成', '1377205233893109761', '1377210447232589825', 1, 1, 0, '2021-06-06 23:48:09', '2021-06-06 23:48:09'),
('1402245041140908033', '0236726736254739472', 2, '111', NULL, '1', '1', '1377204682275024898', '1377207486947352577', 0, 1, 0, '2021-06-08 20:44:15', '2021-06-08 20:44:15');
COMMIT;

/*!40101 SET CHARACTER_SET_CLIENT=@OLD_CHARACTER_SET_CLIENT */;
/*!40101 SET CHARACTER_SET_RESULTS=@OLD_CHARACTER_SET_RESULTS */;
/*!40101 SET COLLATION_CONNECTION=@OLD_COLLATION_CONNECTION */;
